doc_id,department,queue_position,patients_ahead,hour_of_day,day_of_week,avg_consultation_time,active_priority_count,historical_delay_factor,no_show_rate,actual_wait_minutes
DOC_106,Dermatology,19,18,8,2,8.7,1,1.22,0.16,189.1
DOC_105,General Medicine,21,20,12,1,13.3,0,1.1,0.09,277.6
DOC_110,Pediatrics,19,18,10,3,14.2,0,0.83,0.14,246.0
DOC_104,Cardiology,20,19,9,3,18.2,0,1.15,0.06,481.2
DOC_113,Cardiology,2,1,10,5,22.5,0,0.93,0.2,19.3
DOC_109,Dermatology,8,7,11,3,14.2,0,1.03,0.11,121.5
DOC_101,General Medicine,13,12,9,4,16.4,0,1.49,0.17,335.7
DOC_111,Orthopedics,3,2,14,4,19.9,2,1.26,0.19,110.2
DOC_108,Dermatology,23,22,12,4,10.6,1,1.25,0.18,279.9
DOC_100,Orthopedics,1,0,14,5,19.1,0,1.17,0.11,0.0
DOC_109,Dermatology,4,3,15,4,8.0,0,0.94,0.19,26.1
DOC_106,Orthopedics,10,9,14,0,20.1,0,1.12,0.08,247.3
DOC_103,Neurology,23,22,15,5,24.0,0,0.96,0.11,529.5
DOC_103,General Medicine,5,4,12,1,8.0,0,1.46,0.1,45.6
DOC_107,Cardiology,20,19,9,1,18.0,1,0.9,0.2,369.0
DOC_110,Cardiology,23,22,9,0,19.8,0,1.28,0.13,750.6
DOC_109,Neurology,11,10,10,0,27.3,1,1.06,0.14,430.7
DOC_105,Neurology,1,0,9,2,22.4,0,0.83,0.14,0.3
DOC_110,Dermatology,19,18,10,3,12.0,2,1.08,0.13,308.6
DOC_107,Cardiology,18,17,16,5,23.5,0,0.96,0.08,371.2
DOC_108,Dermatology,16,15,16,4,8.0,2,1.24,0.1,164.8
DOC_102,Orthopedics,24,23,10,0,19.6,0,0.86,0.07,538.8
DOC_105,Dermatology,3,2,17,1,8.0,0,1.18,0.15,21.6
DOC_112,Cardiology,24,23,12,2,16.0,0,1.2,0.06,428.3
DOC_102,Neurology,6,5,17,2,22.3,1,1.24,0.17,155.5
DOC_113,Cardiology,5,4,9,2,19.2,0,1.34,0.06,134.3
DOC_111,Dermatology,6,5,10,0,8.0,2,1.03,0.13,81.8
DOC_114,Orthopedics,1,0,10,1,15.2,0,1.46,0.15,0.0
DOC_107,Neurology,22,21,10,2,25.7,0,1.03,0.18,629.5
DOC_108,Orthopedics,10,9,14,2,19.3,0,1.23,0.06,234.2
DOC_106,Cardiology,8,7,14,5,16.5,1,1.04,0.11,148.3
DOC_101,Neurology,22,21,11,5,22.3,0,0.83,0.1,460.0
DOC_110,Dermatology,12,11,16,3,14.9,1,0.94,0.11,159.9
DOC_102,Dermatology,23,22,9,1,8.1,2,1.39,0.15,311.8
DOC_104,Cardiology,2,1,9,5,19.0,1,1.26,0.09,61.9
DOC_112,General Medicine,12,11,11,2,11.0,1,0.81,0.07,137.5
DOC_104,Cardiology,4,3,9,5,22.1,0,0.83,0.19,64.4
DOC_103,Pediatrics,24,23,12,3,15.0,0,1.46,0.19,458.5
DOC_111,Orthopedics,3,2,12,0,19.8,1,1.37,0.14,97.5
DOC_100,Cardiology,13,12,9,5,16.6,0,0.87,0.15,202.5
DOC_100,Pediatrics,2,1,9,3,17.7,0,1.04,0.19,19.2
DOC_107,Dermatology,4,3,9,0,13.3,0,1.2,0.16,63.0
DOC_103,Pediatrics,23,22,16,4,16.5,0,1.28,0.16,422.1
DOC_102,Cardiology,20,19,15,5,21.9,0,0.87,0.06,378.4
DOC_112,Cardiology,14,13,12,3,18.8,0,1.24,0.12,288.3
DOC_102,Dermatology,4,3,16,0,15.6,0,1.45,0.2,66.0
DOC_113,Pediatrics,11,10,14,3,17.9,0,1.39,0.18,248.5
DOC_105,Neurology,18,17,15,1,23.7,0,0.86,0.2,343.7
DOC_112,Cardiology,7,6,17,3,19.0,0,1.3,0.12,140.9
DOC_111,Neurology,19,18,9,2,21.9,0,1.08,0.14,497.8
DOC_103,Dermatology,7,6,14,4,13.9,0,1.08,0.12,95.0
DOC_108,Cardiology,5,4,9,2,20.7,2,1.17,0.14,182.3
DOC_113,Cardiology,16,15,14,2,23.6,0,1.47,0.18,527.3
DOC_111,Dermatology,4,3,11,1,9.0,0,0.99,0.1,30.0
DOC_103,Orthopedics,1,0,10,4,19.0,0,0.91,0.19,6.6
DOC_112,Neurology,24,23,15,2,21.0,0,0.82,0.11,418.1
DOC_100,Pediatrics,22,21,15,0,9.9,1,1.13,0.11,301.9
DOC_100,General Medicine,5,4,14,1,15.0,1,0.97,0.12,78.7
DOC_113,Cardiology,1,0,12,1,20.4,0,0.88,0.15,1.8
DOC_101,Neurology,12,11,14,3,25.3,0,1.41,0.11,413.3
DOC_114,General Medicine,19,18,15,3,19.5,3,1.23,0.15,533.4
DOC_114,Orthopedics,6,5,10,3,18.8,0,1.17,0.15,125.6
DOC_112,Dermatology,17,16,9,4,15.6,3,1.14,0.1,414.1
DOC_110,Orthopedics,23,22,9,2,17.6,0,1.25,0.08,580.5
DOC_107,Cardiology,18,17,11,2,19.8,0,0.92,0.09,373.0
DOC_112,Neurology,2,1,9,1,20.7,0,0.83,0.17,19.0
DOC_108,Neurology,17,16,11,3,27.6,0,1.06,0.12,547.8
DOC_109,Dermatology,13,12,8,2,10.1,0,1.3,0.18,135.7
DOC_113,Orthopedics,6,5,11,0,15.1,1,0.93,0.13,117.9
DOC_100,Neurology,17,16,10,0,22.7,0,1.35,0.12,661.3
DOC_114,Dermatology,8,7,11,3,19.1,0,1.0,0.1,162.3
DOC_109,Pediatrics,6,5,11,0,15.0,0,0.96,0.1,92.6
DOC_103,Neurology,24,23,15,2,23.2,0,1.09,0.2,572.8
DOC_114,Neurology,4,3,8,5,26.2,0,0.92,0.15,66.6
DOC_108,Pediatrics,19,18,15,4,21.1,0,1.03,0.11,412.3
DOC_100,Dermatology,14,13,10,4,10.6,0,1.45,0.1,236.2
DOC_102,Cardiology,5,4,8,3,17.8,0,1.28,0.06,80.9
DOC_114,General Medicine,3,2,10,0,22.2,1,1.32,0.11,125.9
DOC_104,Orthopedics,22,21,8,4,18.3,0,1.36,0.08,501.2
DOC_113,Orthopedics,14,13,11,3,19.2,0,1.21,0.15,347.7
DOC_107,Neurology,1,0,14,0,25.8,0,1.43,0.11,2.8
DOC_113,General Medicine,19,18,10,2,15.7,0,1.03,0.07,353.8
DOC_114,General Medicine,4,3,17,0,20.1,0,0.97,0.16,61.8
DOC_113,Dermatology,10,9,10,5,16.5,0,1.07,0.12,188.1
DOC_103,General Medicine,4,3,14,1,11.9,0,1.22,0.13,55.2
DOC_109,Orthopedics,10,9,10,5,21.5,0,1.12,0.19,246.4
DOC_111,Pediatrics,1,0,8,3,15.5,0,0.87,0.19,9.3
DOC_104,General Medicine,9,8,10,4,12.6,0,1.39,0.19,160.2
DOC_100,Neurology,4,3,9,0,23.1,0,1.02,0.08,95.8
DOC_114,General Medicine,10,9,14,4,19.2,0,0.88,0.11,155.7
DOC_109,Orthopedics,2,1,15,2,17.8,0,1.44,0.09,29.8
DOC_108,Dermatology,17,16,14,2,14.4,0,0.81,0.15,189.3
DOC_106,Cardiology,8,7,11,0,17.6,0,1.08,0.11,180.2
DOC_107,Orthopedics,17,16,8,5,16.7,1,1.21,0.09,324.6
DOC_102,Pediatrics,18,17,11,2,8.0,0,0.93,0.18,147.7
DOC_106,Orthopedics,14,13,11,0,13.8,0,0.91,0.16,213.2
DOC_112,Cardiology,23,22,12,4,15.1,0,1.04,0.14,322.5
DOC_102,Cardiology,3,2,9,5,25.1,0,1.36,0.19,78.8
DOC_103,General Medicine,23,22,15,1,14.2,0,0.95,0.05,314.6
DOC_112,Orthopedics,2,1,15,4,13.0,0,0.98,0.11,19.4
DOC_106,Dermatology,9,8,10,3,10.6,0,1.48,0.17,147.1
DOC_100,Pediatrics,23,22,14,0,15.9,0,1.16,0.16,472.4
DOC_101,General Medicine,22,21,15,3,10.9,0,1.43,0.15,331.4
DOC_104,Orthopedics,10,9,11,5,18.4,0,1.08,0.12,214.7
DOC_111,General Medicine,21,20,9,4,19.9,1,1.08,0.17,528.0
DOC_113,Pediatrics,19,18,8,2,16.6,0,1.07,0.09,302.8
DOC_103,Cardiology,22,21,11,5,22.2,0,1.14,0.09,639.7
DOC_114,Dermatology,17,16,11,4,12.9,0,1.24,0.12,299.7
DOC_108,Cardiology,11,10,11,0,16.9,0,1.37,0.17,298.3
DOC_111,Orthopedics,19,18,10,2,19.9,2,0.9,0.19,410.7
DOC_106,Cardiology,24,23,14,4,20.5,1,1.31,0.15,657.8
DOC_107,Cardiology,9,8,16,1,20.8,0,1.5,0.13,235.9
DOC_105,Pediatrics,7,6,10,1,12.8,0,1.36,0.16,118.9
DOC_103,Orthopedics,17,16,12,2,20.8,0,1.14,0.18,343.4
DOC_110,Pediatrics,15,14,14,3,14.2,1,1.02,0.14,226.2
DOC_112,Pediatrics,3,2,15,5,14.3,0,0.93,0.11,31.1
DOC_102,Orthopedics,21,20,11,3,16.4,3,1.34,0.11,618.9
DOC_106,Dermatology,3,2,11,5,9.4,1,1.3,0.14,48.8
DOC_100,General Medicine,17,16,10,3,14.9,0,1.46,0.17,398.9
DOC_110,Dermatology,14,13,11,5,15.0,0,0.92,0.2,201.1
DOC_110,Dermatology,19,18,11,1,10.6,0,1.07,0.06,249.6
DOC_109,Orthopedics,22,21,16,0,19.4,0,1.22,0.13,536.2
DOC_110,Pediatrics,17,16,9,2,9.5,0,0.96,0.13,181.6
DOC_108,Dermatology,9,8,10,2,9.5,0,1.42,0.19,122.7
DOC_111,Pediatrics,5,4,14,1,16.6,0,1.06,0.09,77.7
DOC_104,Pediatrics,16,15,12,4,16.7,3,0.84,0.18,240.0
DOC_113,General Medicine,8,7,12,2,15.5,1,1.31,0.13,159.3
DOC_107,Dermatology,21,20,12,2,14.5,1,0.91,0.18,257.1
DOC_109,Cardiology,7,6,9,3,18.9,0,1.33,0.09,177.1
DOC_101,General Medicine,17,16,9,1,15.6,0,1.18,0.17,337.0
DOC_105,Orthopedics,2,1,10,3,18.7,0,1.33,0.17,34.0
DOC_103,Dermatology,17,16,14,0,11.4,0,1.04,0.14,221.8
DOC_110,Pediatrics,7,6,8,0,16.1,0,1.14,0.17,114.0
DOC_109,Pediatrics,4,3,10,4,14.7,1,1.17,0.17,79.5
DOC_110,Dermatology,20,19,12,2,13.4,1,1.47,0.05,389.6
DOC_112,General Medicine,6,5,9,4,9.5,0,1.41,0.16,75.0
DOC_101,Dermatology,14,13,9,4,13.5,1,1.34,0.18,293.4
DOC_103,Orthopedics,24,23,16,2,16.1,0,1.12,0.05,407.6
DOC_106,Cardiology,9,8,9,0,15.7,0,1.26,0.1,218.2
DOC_101,Orthopedics,18,17,11,5,23.9,0,1.29,0.18,594.8
DOC_105,Cardiology,24,23,9,3,19.9,3,0.9,0.12,559.3
DOC_105,Dermatology,18,17,10,1,13.6,0,1.42,0.06,404.3
DOC_112,Dermatology,6,5,11,5,8.0,0,1.38,0.06,63.1
DOC_111,Cardiology,9,8,8,0,20.6,1,1.41,0.16,287.3
DOC_113,Dermatology,7,6,12,3,15.1,0,1.35,0.12,113.1
DOC_114,Cardiology,18,17,8,3,19.3,0,1.41,0.08,439.9
DOC_106,Neurology,23,22,10,2,21.9,0,0.81,0.15,449.4
DOC_104,Cardiology,19,18,12,4,17.5,0,0.94,0.18,269.4
DOC_100,Neurology,24,23,10,3,24.7,1,1.34,0.13,939.1
DOC_101,Cardiology,21,20,10,3,27.8,1,1.43,0.11,997.8
DOC_109,Orthopedics,12,11,10,1,20.4,0,1.31,0.07,355.2
DOC_107,Dermatology,13,12,10,5,13.0,1,1.11,0.13,222.1
DOC_108,Dermatology,2,1,15,4,8.5,0,1.34,0.07,13.2
DOC_112,Orthopedics,16,15,11,1,17.5,0,0.9,0.12,281.1
DOC_107,Orthopedics,11,10,14,4,14.1,0,1.35,0.16,187.3
DOC_107,Dermatology,20,19,9,1,12.5,0,0.96,0.06,280.3
DOC_100,Orthopedics,5,4,9,2,20.2,0,0.9,0.2,81.5
DOC_107,Orthopedics,24,23,11,1,20.7,0,1.17,0.07,673.1
DOC_113,General Medicine,21,20,8,4,12.8,0,1.41,0.08,348.3
DOC_101,Cardiology,17,16,15,0,19.9,0,1.45,0.15,547.2
DOC_100,Cardiology,21,20,12,0,21.9,0,1.26,0.2,567.2
DOC_105,Cardiology,9,8,9,1,19.0,0,1.03,0.15,181.7
DOC_105,Pediatrics,19,18,15,0,17.2,0,1.18,0.05,452.8
DOC_114,Cardiology,21,20,10,4,16.2,0,0.97,0.11,365.5
DOC_111,Neurology,14,13,12,1,25.5,0,1.07,0.18,320.3
DOC_101,Neurology,4,3,11,5,20.1,1,1.3,0.13,129.8
DOC_104,Orthopedics,11,10,10,3,17.2,2,1.05,0.07,271.1
DOC_112,Dermatology,15,14,11,1,9.4,0,1.3,0.09,200.8
DOC_103,Pediatrics,12,11,9,4,14.6,0,1.01,0.17,185.0
DOC_112,Pediatrics,22,21,14,0,14.6,0,1.17,0.07,440.7
DOC_112,Neurology,9,8,14,1,25.1,0,1.05,0.19,210.0
DOC_107,Cardiology,18,17,14,3,22.2,0,1.27,0.06,509.0
DOC_103,Pediatrics,15,14,9,3,21.7,1,0.95,0.06,375.2
DOC_104,Orthopedics,10,9,9,4,20.9,0,1.15,0.2,251.1
DOC_102,General Medicine,7,6,14,2,13.1,3,0.89,0.07,125.1
DOC_109,Neurology,14,13,9,4,20.1,1,0.93,0.1,317.4
DOC_110,Neurology,17,16,15,3,23.2,1,0.96,0.13,394.0
DOC_105,Pediatrics,3,2,9,1,11.7,3,1.26,0.13,100.6
DOC_101,Neurology,4,3,16,4,27.6,0,0.94,0.13,66.5
DOC_113,Neurology,17,16,10,3,29.8,0,1.07,0.07,614.3
DOC_102,Neurology,21,20,8,5,28.6,0,1.33,0.07,734.6
DOC_111,Neurology,13,12,10,4,24.1,0,0.97,0.13,326.4
DOC_102,Dermatology,18,17,11,2,12.6,1,1.2,0.13,321.8
DOC_103,Pediatrics,6,5,14,2,8.0,0,1.17,0.16,47.5
DOC_102,Dermatology,3,2,9,1,10.4,0,1.47,0.14,39.0
DOC_109,Cardiology,1,0,16,5,17.8,0,1.43,0.17,9.2
DOC_103,Orthopedics,21,20,8,0,15.6,0,0.86,0.17,283.6
DOC_111,General Medicine,11,10,12,3,17.2,0,1.07,0.13,170.5
DOC_101,Pediatrics,18,17,8,0,14.8,0,0.92,0.06,253.0
DOC_111,Neurology,16,15,8,3,22.7,0,0.96,0.08,311.8
DOC_111,Dermatology,6,5,10,4,13.5,1,1.11,0.08,107.9
DOC_106,Orthopedics,5,4,10,4,21.6,0,1.09,0.12,109.5
DOC_105,Neurology,24,23,11,0,27.6,0,1.38,0.14,1168.3
DOC_104,Pediatrics,11,10,10,3,10.8,0,0.9,0.07,114.6
DOC_101,Dermatology,3,2,10,3,14.2,1,1.07,0.19,51.9
DOC_100,Cardiology,9,8,12,3,20.9,0,1.0,0.19,148.8
DOC_111,General Medicine,8,7,15,0,14.9,0,0.85,0.13,109.5
DOC_102,General Medicine,5,4,8,0,15.3,1,1.26,0.17,112.7
DOC_102,Cardiology,11,10,17,2,16.0,0,0.93,0.08,139.4
DOC_104,General Medicine,10,9,8,3,18.6,1,1.35,0.08,248.3
DOC_108,Pediatrics,9,8,12,1,12.4,0,1.43,0.1,131.7
DOC_103,Dermatology,13,12,11,3,9.0,0,0.83,0.07,107.9
DOC_101,Cardiology,18,17,16,5,16.9,2,1.27,0.12,385.5
DOC_100,General Medicine,23,22,15,3,17.6,2,0.98,0.16,425.6
DOC_104,Neurology,7,6,9,2,26.5,0,1.33,0.09,255.0
DOC_111,General Medicine,21,20,14,2,13.4,2,1.14,0.07,364.1
DOC_111,General Medicine,1,0,11,5,19.4,0,1.28,0.18,0.0
DOC_114,Cardiology,10,9,11,0,18.1,1,1.42,0.09,361.7
DOC_102,Pediatrics,21,20,14,2,11.1,0,1.05,0.17,238.4
DOC_103,Dermatology,19,18,15,5,8.0,1,1.5,0.11,235.8
DOC_112,Dermatology,3,2,9,5,13.8,0,1.29,0.05,44.6
DOC_105,Neurology,20,19,10,3,28.5,0,1.31,0.07,853.7
DOC_109,Dermatology,2,1,11,2,18.2,0,1.38,0.12,33.7
DOC_113,Orthopedics,6,5,9,3,17.5,0,1.11,0.07,115.6
DOC_106,Cardiology,20,19,8,3,17.5,1,1.5,0.19,481.1
DOC_112,Cardiology,16,15,9,5,25.6,3,1.32,0.16,724.9
DOC_109,General Medicine,18,17,9,2,13.5,0,1.38,0.09,374.2
DOC_100,Orthopedics,10,9,15,1,19.0,1,1.39,0.08,283.9
DOC_100,General Medicine,6,5,12,5,11.5,1,1.15,0.12,67.3
DOC_108,Dermatology,12,11,9,3,10.2,0,1.47,0.06,201.6
DOC_111,Pediatrics,3,2,9,5,12.1,0,0.99,0.16,24.4
DOC_109,Cardiology,20,19,12,2,18.4,0,1.17,0.11,386.5
DOC_106,Neurology,15,14,15,4,25.7,0,1.09,0.09,412.3
DOC_108,General Medicine,24,23,10,2,11.7,3,1.23,0.1,457.1
DOC_108,Cardiology,10,9,8,5,18.7,0,1.17,0.07,188.1
DOC_101,Dermatology,22,21,11,1,11.1,0,1.12,0.12,307.3
DOC_104,General Medicine,16,15,11,5,13.7,0,1.35,0.07,341.7
DOC_110,Pediatrics,21,20,9,3,8.6,1,1.16,0.08,253.6
DOC_104,Neurology,9,8,11,3,23.5,1,0.82,0.06,212.2
DOC_113,Orthopedics,20,19,14,3,18.3,0,1.08,0.06,403.8
DOC_104,Orthopedics,8,7,10,3,16.4,1,0.99,0.1,156.5
DOC_108,Neurology,20,19,11,1,21.3,0,1.4,0.19,641.4
DOC_101,Orthopedics,5,4,14,2,16.4,0,1.36,0.2,86.5
DOC_102,Cardiology,16,15,17,4,20.1,3,1.27,0.15,447.2
DOC_103,Dermatology,23,22,9,4,11.4,0,1.17,0.16,340.9
DOC_101,Pediatrics,9,8,14,1,15.6,0,1.33,0.2,163.1
DOC_101,Dermatology,2,1,14,3,8.0,0,0.92,0.16,5.3
DOC_107,Pediatrics,20,19,15,2,14.3,0,1.32,0.15,363.6
DOC_105,Cardiology,15,14,9,0,19.7,0,1.27,0.1,482.6
DOC_107,Dermatology,20,19,9,2,9.2,0,1.16,0.1,242.6
DOC_114,General Medicine,12,11,9,0,16.5,1,1.27,0.09,351.7
DOC_100,Neurology,2,1,10,5,27.0,0,1.07,0.07,41.5
DOC_102,Neurology,17,16,8,5,24.7,2,1.0,0.18,421.4
DOC_102,Neurology,9,8,15,4,25.6,2,1.31,0.1,366.3
DOC_106,Cardiology,14,13,9,4,22.0,0,0.87,0.09,295.7
DOC_100,Dermatology,3,2,9,5,14.4,1,0.83,0.19,38.6
DOC_107,Pediatrics,9,8,17,4,17.9,1,1.0,0.11,161.9
DOC_110,Neurology,5,4,9,4,25.2,0,0.88,0.06,111.6
DOC_112,Cardiology,24,23,16,4,22.9,0,0.86,0.19,411.7
DOC_113,Cardiology,22,21,11,2,17.0,0,1.35,0.15,555.6
DOC_106,Dermatology,13,12,17,3,11.3,2,1.22,0.16,181.0
DOC_100,Neurology,17,16,8,5,24.7,0,0.9,0.09,339.0
DOC_100,Cardiology,8,7,11,4,19.3,0,1.21,0.13,183.8
DOC_100,Neurology,7,6,14,0,23.5,0,1.08,0.06,189.6
DOC_108,Cardiology,17,16,9,2,18.3,1,1.2,0.05,462.8
DOC_110,Neurology,12,11,14,4,22.9,1,1.23,0.1,354.1
DOC_112,Pediatrics,18,17,9,3,15.4,0,1.12,0.11,344.2
DOC_102,Dermatology,12,11,8,0,14.8,2,1.27,0.15,270.1
DOC_101,Orthopedics,18,17,9,0,17.7,0,1.41,0.16,561.2
DOC_110,General Medicine,17,16,12,3,11.6,0,1.14,0.14,197.2
DOC_109,General Medicine,23,22,14,5,15.5,1,1.28,0.11,475.2
DOC_102,General Medicine,12,11,14,2,12.2,0,1.21,0.16,160.5
DOC_106,Orthopedics,22,21,14,0,12.5,0,1.16,0.07,375.8
DOC_106,Dermatology,10,9,12,3,11.5,0,1.07,0.17,102.8
DOC_110,Cardiology,24,23,17,0,23.7,0,0.92,0.2,519.4
DOC_113,Orthopedics,14,13,8,2,14.7,0,0.82,0.16,144.5
DOC_114,General Medicine,5,4,16,4,16.7,0,1.11,0.2,65.7
DOC_108,Cardiology,20,19,8,5,20.6,0,0.91,0.13,330.3
DOC_101,General Medicine,19,18,10,1,16.9,0,0.94,0.06,348.5
DOC_113,Dermatology,4,3,10,3,13.9,0,1.5,0.07,73.7
DOC_101,Orthopedics,3,2,15,5,19.9,0,1.23,0.08,49.4
DOC_104,Dermatology,22,21,9,2,13.4,2,1.31,0.13,484.0
DOC_111,Neurology,5,4,14,3,25.9,0,0.82,0.2,82.7
DOC_102,Orthopedics,20,19,15,1,15.3,0,1.17,0.13,349.9
DOC_106,Orthopedics,18,17,14,4,11.6,3,1.09,0.17,275.3
DOC_114,Dermatology,9,8,8,4,11.7,0,1.39,0.18,123.3
DOC_102,Neurology,22,21,12,2,27.7,1,1.17,0.14,673.0
DOC_104,Dermatology,24,23,11,5,10.1,0,1.5,0.15,405.9
DOC_100,Neurology,5,4,8,4,26.5,1,1.37,0.18,176.4
DOC_102,Pediatrics,2,1,8,3,14.3,0,0.85,0.1,8.5
DOC_102,Neurology,8,7,9,1,19.3,1,1.29,0.06,247.8
DOC_101,Pediatrics,2,1,10,5,10.2,0,0.99,0.05,9.6
DOC_106,General Medicine,21,20,8,2,15.5,0,1.25,0.07,378.1
DOC_100,Neurology,22,21,8,1,28.9,0,1.3,0.17,721.3
DOC_107,Neurology,23,22,14,3,22.0,0,1.0,0.07,514.4
DOC_101,Orthopedics,17,16,11,1,16.0,1,1.22,0.18,377.9
DOC_107,Pediatrics,12,11,14,4,8.8,2,1.38,0.07,171.0
DOC_108,Orthopedics,18,17,15,4,18.6,0,1.06,0.19,337.4
DOC_102,General Medicine,24,23,12,4,17.2,1,1.27,0.19,480.2
DOC_111,Orthopedics,9,8,9,2,18.3,0,1.5,0.07,265.6
DOC_105,Dermatology,16,15,9,5,11.8,1,0.8,0.18,178.5
DOC_112,Pediatrics,2,1,9,0,8.5,1,1.31,0.15,37.9
DOC_103,General Medicine,4,3,14,3,17.0,3,0.84,0.15,97.2
DOC_105,Neurology,11,10,10,0,22.6,1,1.35,0.13,461.1
DOC_114,General Medicine,6,5,10,5,11.8,1,1.46,0.05,132.5
DOC_102,Neurology,24,23,14,0,32.2,2,1.16,0.15,1116.7
DOC_103,Dermatology,12,11,9,4,9.4,0,1.07,0.11,128.2
DOC_104,Neurology,1,0,14,3,19.3,0,1.2,0.14,0.0
DOC_104,Dermatology,19,18,8,2,15.1,1,1.22,0.09,338.3
DOC_112,Neurology,2,1,11,3,25.9,0,0.84,0.19,25.1
DOC_108,General Medicine,11,10,16,3,21.4,1,0.94,0.16,209.7
DOC_106,Pediatrics,13,12,14,3,11.6,0,1.27,0.09,182.4
DOC_100,Dermatology,15,14,8,5,15.7,0,0.9,0.05,189.7
DOC_103,Cardiology,18,17,10,1,16.7,0,1.15,0.15,377.0
DOC_104,Neurology,18,17,11,5,27.5,0,0.83,0.07,465.9
DOC_112,Dermatology,17,16,17,4,12.9,0,1.07,0.15,206.7
DOC_108,Dermatology,18,17,11,5,8.0,0,1.49,0.08,244.8
DOC_102,General Medicine,2,1,16,4,15.1,1,1.34,0.1,44.5
DOC_113,Cardiology,20,19,11,5,24.5,1,1.22,0.18,688.2
DOC_103,General Medicine,11,10,8,1,17.7,0,1.39,0.16,218.9
DOC_110,Neurology,3,2,15,4,23.7,0,1.0,0.11,49.0
DOC_110,Pediatrics,20,19,8,5,13.1,2,1.47,0.14,389.2
DOC_113,Cardiology,20,19,11,1,17.9,0,0.97,0.08,398.6
DOC_112,Dermatology,11,10,14,4,12.0,0,0.92,0.18,107.2
DOC_112,Cardiology,11,10,11,4,20.3,0,1.33,0.09,324.3
DOC_111,Pediatrics,4,3,15,3,14.4,0,0.94,0.14,44.8
DOC_108,Orthopedics,14,13,8,3,16.7,0,1.42,0.12,290.1
DOC_114,Orthopedics,2,1,14,1,16.6,1,1.16,0.12,47.6
DOC_104,Dermatology,21,20,14,0,10.5,0,0.84,0.1,211.7
DOC_108,Pediatrics,21,20,10,2,13.3,1,0.84,0.08,282.1
DOC_111,Neurology,9,8,15,1,27.4,0,1.03,0.16,233.2
DOC_110,Orthopedics,15,14,14,5,16.6,0,1.21,0.15,282.2
DOC_110,Pediatrics,9,8,9,1,12.5,0,1.05,0.19,120.6
DOC_114,Cardiology,17,16,11,0,20.5,0,1.48,0.12,652.2
DOC_101,Orthopedics,7,6,15,0,17.2,0,1.36,0.08,171.2
DOC_112,Neurology,12,11,12,4,26.3,2,1.15,0.11,386.7
DOC_114,Dermatology,18,17,8,2,14.1,1,0.81,0.16,194.7
DOC_113,Pediatrics,19,18,14,0,10.4,2,0.84,0.13,210.2
DOC_110,Neurology,20,19,12,3,26.3,0,1.41,0.15,650.7
DOC_104,Neurology,16,15,17,2,28.3,0,1.27,0.06,529.7
DOC_100,Dermatology,12,11,12,0,9.0,0,1.41,0.14,145.4
DOC_107,Orthopedics,9,8,12,4,16.0,0,0.94,0.11,112.9
DOC_100,General Medicine,23,22,9,2,17.1,1,1.22,0.2,549.3
DOC_107,Pediatrics,10,9,9,5,14.9,0,1.49,0.13,232.6
DOC_101,Pediatrics,17,16,10,2,11.0,0,1.16,0.16,236.1
DOC_101,Dermatology,11,10,11,2,17.6,0,1.47,0.09,310.6
DOC_105,Dermatology,15,14,11,4,17.0,0,1.48,0.09,425.2
DOC_109,Cardiology,9,8,11,2,22.5,0,1.41,0.19,292.5
DOC_109,Cardiology,24,23,11,1,21.7,0,0.84,0.14,488.6
DOC_112,Dermatology,19,18,16,3,12.2,1,1.23,0.16,268.3
DOC_105,Neurology,21,20,15,3,22.4,1,1.37,0.13,669.6
DOC_110,Pediatrics,18,17,14,0,20.9,1,0.84,0.19,369.1
DOC_114,Cardiology,16,15,15,2,17.9,0,1.31,0.14,356.8
DOC_110,Pediatrics,18,17,14,2,10.6,0,1.0,0.17,177.4
DOC_102,Pediatrics,14,13,10,5,10.0,0,1.44,0.14,217.9
DOC_108,Cardiology,11,10,12,5,18.7,0,1.11,0.15,196.8
DOC_104,Dermatology,11,10,11,4,12.0,0,1.15,0.06,157.9
DOC_105,Dermatology,3,2,10,1,10.0,0,1.45,0.07,31.8
DOC_112,General Medicine,15,14,12,2,17.6,1,0.81,0.19,200.4
DOC_110,Pediatrics,20,19,15,4,8.6,0,1.44,0.19,236.1
DOC_103,Neurology,7,6,9,0,25.3,0,1.07,0.13,210.5
DOC_102,Neurology,23,22,15,2,29.3,0,0.81,0.09,548.9
DOC_114,General Medicine,20,19,9,4,19.8,0,0.8,0.16,343.9
DOC_105,Dermatology,1,0,10,5,8.3,0,1.42,0.09,0.2
DOC_109,Dermatology,10,9,11,5,9.1,0,0.97,0.09,95.6
DOC_105,Neurology,9,8,10,5,25.3,1,1.28,0.11,354.1
DOC_109,Cardiology,13,12,15,1,18.1,0,1.46,0.15,318.9
DOC_104,General Medicine,17,16,9,4,12.3,1,1.28,0.17,309.3
DOC_106,General Medicine,11,10,8,4,16.6,0,1.42,0.08,231.0
DOC_109,Dermatology,9,8,11,0,13.0,0,1.41,0.08,204.4
DOC_111,Orthopedics,19,18,15,0,18.8,1,1.13,0.06,493.8
DOC_113,Cardiology,8,7,16,3,19.2,0,1.49,0.12,191.5
DOC_112,General Medicine,14,13,10,2,12.7,1,1.06,0.11,225.7
DOC_110,Pediatrics,11,10,15,0,16.7,0,1.24,0.06,253.4
DOC_107,Cardiology,5,4,11,5,15.0,1,1.16,0.07,115.3
DOC_104,Orthopedics,7,6,12,3,22.2,0,0.91,0.09,118.2
DOC_114,Orthopedics,10,9,11,5,22.4,1,1.01,0.11,271.8
DOC_110,Neurology,8,7,11,1,29.1,0,1.44,0.13,336.7
DOC_114,Cardiology,19,18,15,1,16.9,2,1.1,0.13,392.0
DOC_108,Orthopedics,1,0,11,3,18.5,0,0.99,0.15,1.9
DOC_106,Neurology,23,22,9,3,24.5,1,1.32,0.07,909.3
DOC_107,Cardiology,21,20,15,4,14.9,0,1.4,0.17,419.0
DOC_108,Neurology,7,6,17,5,24.0,0,1.32,0.17,176.5
DOC_112,Neurology,10,9,8,2,28.5,0,0.83,0.11,198.3
DOC_100,Orthopedics,19,18,10,5,17.9,0,1.26,0.08,486.7
DOC_105,Neurology,4,3,8,2,25.7,0,1.46,0.11,108.1
DOC_112,Pediatrics,19,18,10,1,13.0,0,1.21,0.14,328.6
DOC_106,Orthopedics,5,4,12,4,17.4,3,1.49,0.15,187.3
DOC_100,Pediatrics,11,10,16,4,17.1,0,1.27,0.11,210.8
DOC_106,Orthopedics,9,8,12,0,18.0,0,0.99,0.07,153.7
DOC_106,Dermatology,22,21,10,0,8.0,1,0.92,0.05,227.4
DOC_100,Orthopedics,22,21,12,5,20.5,0,1.14,0.11,465.5
DOC_112,Pediatrics,4,3,8,2,10.0,0,1.05,0.06,32.4
DOC_107,General Medicine,20,19,15,5,12.6,0,0.95,0.18,227.1
DOC_114,Orthopedics,9,8,17,3,15.3,0,1.28,0.14,149.2
DOC_108,General Medicine,7,6,10,3,14.5,1,1.4,0.19,165.3
DOC_102,Neurology,12,11,9,2,23.0,0,0.99,0.07,301.5
DOC_103,General Medicine,8,7,9,3,16.0,0,1.36,0.1,181.0
DOC_107,General Medicine,7,6,10,3,13.5,0,0.84,0.08,80.4
DOC_105,Dermatology,24,23,9,5,10.8,0,1.01,0.13,290.0
DOC_113,General Medicine,14,13,10,3,19.5,0,1.14,0.06,350.0
DOC_106,Pediatrics,13,12,10,1,11.4,0,1.34,0.18,200.4
DOC_114,General Medicine,18,17,11,0,11.4,0,1.14,0.18,287.3
DOC_106,Cardiology,23,22,12,2,19.2,1,0.89,0.08,384.2
DOC_100,Cardiology,14,13,12,3,20.8,3,1.45,0.16,460.4
DOC_110,Neurology,3,2,9,1,25.7,2,1.22,0.14,162.3
DOC_106,Neurology,3,2,16,2,23.9,0,1.31,0.14,54.7
DOC_104,Neurology,20,19,9,5,25.4,1,1.24,0.14,735.1
DOC_100,Dermatology,4,3,10,4,8.0,0,1.14,0.19,28.8
DOC_112,Neurology,15,14,15,4,27.1,0,1.33,0.07,536.3
DOC_101,Neurology,7,6,16,1,30.8,0,1.38,0.08,239.9
DOC_104,Neurology,8,7,9,0,23.2,0,1.34,0.07,298.0
DOC_103,Neurology,22,21,17,3,18.7,0,1.11,0.09,422.3
DOC_114,Dermatology,8,7,10,5,10.3,0,1.23,0.08,107.6
DOC_102,Orthopedics,1,0,9,4,23.7,1,1.38,0.19,50.0
DOC_105,Pediatrics,19,18,11,0,18.4,0,1.09,0.09,492.7
DOC_104,Orthopedics,6,5,12,5,21.6,0,1.23,0.14,129.5
DOC_103,Dermatology,4,3,16,3,14.0,0,1.18,0.1,46.2
DOC_111,Neurology,14,13,8,2,23.0,1,0.86,0.2,257.3
DOC_100,Dermatology,4,3,9,2,10.6,0,0.91,0.14,29.6
DOC_107,Neurology,3,2,9,5,27.5,0,1.43,0.15,90.6
DOC_107,Pediatrics,3,2,14,0,13.3,0,0.95,0.15,26.5
DOC_109,Pediatrics,12,11,15,0,13.8,0,1.31,0.19,231.0
DOC_104,Cardiology,21,20,14,0,20.7,0,1.28,0.19,607.6
DOC_113,Dermatology,24,23,9,4,14.3,0,0.83,0.08,332.4
DOC_106,Dermatology,3,2,11,2,9.3,0,1.19,0.19,25.7
DOC_107,Orthopedics,13,12,8,4,17.6,0,1.49,0.08,302.4
DOC_108,Orthopedics,19,18,12,3,22.5,0,1.41,0.17,524.6
DOC_107,General Medicine,9,8,8,1,13.6,0,1.04,0.06,104.4
DOC_103,Cardiology,8,7,17,0,18.8,0,1.2,0.1,179.1
DOC_104,Cardiology,17,16,10,1,18.5,0,1.38,0.1,486.5
DOC_112,Neurology,8,7,14,5,21.1,1,1.35,0.09,246.4
DOC_107,Orthopedics,2,1,8,4,17.6,0,0.97,0.15,13.1
DOC_101,Pediatrics,14,13,8,3,16.6,0,1.23,0.19,239.5
DOC_111,Orthopedics,4,3,12,1,17.4,1,1.37,0.14,91.7
DOC_100,Orthopedics,4,3,10,1,17.8,0,0.99,0.08,65.3
DOC_113,Dermatology,16,15,8,4,10.6,0,1.16,0.16,169.9
DOC_102,Neurology,2,1,15,3,22.4,2,1.24,0.14,94.8
DOC_102,Neurology,5,4,14,3,25.6,0,1.43,0.15,154.7
DOC_113,Neurology,6,5,9,1,25.8,0,1.18,0.09,180.4
DOC_109,Dermatology,3,2,15,2,13.0,3,1.48,0.11,112.1
DOC_108,Orthopedics,6,5,10,0,21.9,0,1.35,0.09,198.8
DOC_110,Pediatrics,23,22,10,1,15.2,0,1.46,0.08,584.7
DOC_102,General Medicine,23,22,10,3,12.9,0,1.2,0.12,396.6
DOC_109,Neurology,23,22,14,0,27.8,0,1.22,0.07,914.7
DOC_102,Orthopedics,12,11,8,1,19.5,0,0.83,0.14,164.3
DOC_101,Orthopedics,6,5,14,2,18.2,0,0.83,0.14,75.8
DOC_112,Dermatology,15,14,9,5,12.1,0,0.87,0.11,175.6
DOC_110,Cardiology,4,3,14,4,17.9,0,0.94,0.06,50.1
DOC_114,Dermatology,14,13,14,4,9.0,1,1.33,0.16,169.2
DOC_114,Dermatology,13,12,11,4,13.5,1,0.91,0.07,201.9
DOC_105,Dermatology,18,17,8,3,9.0,0,1.04,0.17,144.7
DOC_110,Neurology,9,8,9,2,21.2,0,1.41,0.17,269.7
DOC_103,Cardiology,5,4,9,5,17.1,0,0.86,0.06,71.7
DOC_111,Pediatrics,7,6,9,1,14.8,1,1.26,0.14,155.2
DOC_112,Orthopedics,2,1,10,0,12.9,0,1.25,0.05,15.4
DOC_114,Orthopedics,21,20,14,1,16.0,0,0.98,0.12,322.9
DOC_110,Dermatology,21,20,14,1,13.7,0,1.16,0.06,335.3
DOC_110,Pediatrics,12,11,9,2,17.7,0,1.22,0.15,276.2
DOC_111,Neurology,10,9,12,0,20.0,0,1.32,0.08,260.5
DOC_104,Neurology,20,19,14,2,25.9,1,1.04,0.12,559.8
DOC_101,Dermatology,9,8,12,0,10.7,0,0.82,0.14,68.0
DOC_100,Orthopedics,2,1,12,5,14.2,0,1.36,0.14,18.6
DOC_103,General Medicine,14,13,8,1,14.8,0,1.36,0.18,237.4
DOC_105,Neurology,14,13,14,4,22.0,2,1.35,0.15,471.6
DOC_103,Dermatology,13,12,9,2,11.7,2,1.03,0.07,210.0
DOC_106,Neurology,13,12,15,4,22.3,0,0.89,0.06,258.2
DOC_108,Neurology,13,12,15,2,25.7,0,1.42,0.05,471.9
DOC_102,Cardiology,23,22,14,4,16.5,2,1.2,0.13,498.7
DOC_105,Cardiology,5,4,10,0,24.7,0,1.14,0.07,152.4
DOC_110,Neurology,16,15,17,5,29.3,0,1.02,0.12,412.7
DOC_100,Cardiology,8,7,10,2,23.4,0,1.32,0.15,249.9
DOC_111,Dermatology,7,6,15,5,8.0,3,0.86,0.17,69.3
DOC_112,Dermatology,15,14,12,5,9.7,0,0.96,0.13,125.6
DOC_109,Orthopedics,9,8,8,2,25.7,1,1.48,0.12,327.5
DOC_106,Neurology,11,10,8,2,24.8,0,1.08,0.14,248.5
DOC_100,Pediatrics,15,14,10,2,11.7,2,1.5,0.16,333.5
DOC_105,Neurology,5,4,8,0,26.4,3,1.38,0.1,303.2
DOC_103,Neurology,7,6,10,2,26.9,0,1.19,0.17,220.3
DOC_101,Dermatology,22,21,11,0,8.0,0,0.91,0.15,206.6
DOC_100,Orthopedics,13,12,9,0,11.8,0,1.07,0.15,199.1
DOC_105,Dermatology,10,9,14,0,9.1,2,0.91,0.12,104.9
DOC_106,General Medicine,2,1,8,3,12.5,0,0.84,0.13,8.1
DOC_113,Pediatrics,24,23,14,1,15.6,0,1.27,0.14,469.8
DOC_108,Pediatrics,4,3,12,5,18.2,1,1.21,0.17,86.4
DOC_113,Neurology,4,3,14,4,31.8,0,1.27,0.1,125.2
DOC_109,Pediatrics,8,7,14,2,16.7,0,1.21,0.19,138.0
DOC_108,Pediatrics,22,21,12,0,19.1,1,0.81,0.08,378.8
DOC_110,Neurology,7,6,10,5,28.6,0,0.93,0.12,181.9
DOC_105,General Medicine,18,17,9,1,14.2,1,1.19,0.17,348.1
DOC_105,Pediatrics,23,22,9,5,16.4,0,1.09,0.05,484.0
DOC_100,Cardiology,21,20,11,1,21.5,0,1.06,0.14,531.8
DOC_110,Orthopedics,15,14,11,3,16.4,0,1.16,0.12,311.0
DOC_107,Pediatrics,21,20,8,4,15.1,3,0.94,0.09,316.0
DOC_104,Cardiology,10,9,16,5,12.1,0,1.12,0.19,115.1
DOC_108,Cardiology,14,13,9,0,21.9,0,1.28,0.16,484.5
DOC_108,Pediatrics,19,18,10,0,17.9,0,0.82,0.1,356.6
DOC_113,Cardiology,16,15,9,4,24.6,0,0.87,0.08,387.6
DOC_114,Pediatrics,18,17,10,3,16.5,0,1.0,0.1,339.9
DOC_110,Orthopedics,12,11,11,0,18.1,0,1.48,0.08,406.8
DOC_105,Orthopedics,1,0,15,2,21.7,0,0.93,0.19,0.0
DOC_102,Pediatrics,6,5,10,3,13.3,3,0.89,0.15,126.8
DOC_111,General Medicine,23,22,11,5,13.3,2,1.04,0.09,398.9
DOC_104,Cardiology,12,11,9,2,18.2,1,0.98,0.12,252.7
DOC_103,Orthopedics,13,12,10,4,20.6,1,1.23,0.12,389.9
DOC_106,Dermatology,17,16,12,1,10.4,0,0.8,0.12,119.6
DOC_108,General Medicine,23,22,11,0,16.9,0,1.24,0.13,620.1
DOC_112,General Medicine,13,12,11,5,17.3,0,1.42,0.14,338.1
DOC_102,Orthopedics,9,8,11,2,13.4,0,0.93,0.17,117.0
DOC_101,Pediatrics,21,20,10,0,21.0,0,0.86,0.08,493.7
DOC_113,Cardiology,20,19,10,3,17.9,0,1.27,0.17,490.8
DOC_103,Cardiology,20,19,14,1,19.7,1,0.81,0.16,330.5
DOC_112,Cardiology,21,20,8,4,21.0,0,1.4,0.13,549.0
DOC_111,General Medicine,20,19,11,5,17.3,0,0.95,0.2,348.5
DOC_106,General Medicine,19,18,15,0,14.5,0,1.03,0.06,331.3
DOC_112,Pediatrics,10,9,14,2,14.8,0,1.1,0.15,150.8
DOC_104,Orthopedics,24,23,15,0,20.5,0,1.34,0.07,771.4
DOC_102,Neurology,17,16,8,5,24.4,0,0.97,0.1,360.0
DOC_103,Orthopedics,13,12,15,1,16.9,1,0.9,0.15,207.5
DOC_106,Neurology,17,16,12,2,21.6,0,0.88,0.1,293.2
DOC_102,Orthopedics,24,23,9,2,17.6,1,1.46,0.1,740.0
DOC_110,Cardiology,8,7,12,3,20.1,0,1.25,0.1,167.7
DOC_106,Orthopedics,1,0,9,3,19.6,0,1.02,0.12,3.4
DOC_104,Orthopedics,20,19,11,4,16.2,2,0.9,0.1,372.0
DOC_103,Pediatrics,15,14,8,2,17.8,0,1.24,0.09,294.3
DOC_102,Neurology,24,23,17,4,24.6,0,0.81,0.13,429.6
DOC_100,Pediatrics,2,1,9,4,10.7,0,0.89,0.11,6.6
DOC_113,Orthopedics,14,13,15,5,17.5,0,1.1,0.17,251.5
DOC_102,General Medicine,17,16,9,1,16.5,0,1.45,0.15,446.4
DOC_113,Neurology,5,4,16,2,27.6,0,0.94,0.11,96.4
DOC_108,Pediatrics,23,22,14,2,16.4,0,1.31,0.19,472.9
DOC_100,Cardiology,18,17,8,2,20.1,0,1.3,0.07,425.0
DOC_103,Dermatology,18,17,10,0,11.7,0,1.27,0.13,337.9
DOC_114,Pediatrics,3,2,14,1,14.4,3,1.33,0.09,118.2
DOC_100,Dermatology,14,13,15,3,12.9,2,0.89,0.05,187.2
DOC_103,Orthopedics,15,14,9,5,15.7,0,1.0,0.11,257.0
DOC_113,General Medicine,2,1,15,5,8.8,0,1.01,0.09,9.0
DOC_113,Cardiology,12,11,8,1,17.0,0,1.37,0.13,243.0
DOC_104,Cardiology,22,21,8,3,19.4,1,1.45,0.19,567.7
DOC_108,Orthopedics,7,6,11,1,17.5,0,1.08,0.13,133.3
DOC_106,Orthopedics,17,16,11,5,15.2,0,1.09,0.15,308.7
DOC_114,General Medicine,6,5,10,1,18.9,0,0.98,0.2,102.6
DOC_100,Dermatology,5,4,9,1,10.8,0,1.49,0.11,71.9
DOC_113,General Medicine,23,22,12,0,18.6,2,1.44,0.18,682.3
DOC_114,Pediatrics,6,5,10,1,20.7,0,1.37,0.11,169.9
DOC_100,Cardiology,10,9,11,3,18.2,0,1.29,0.1,248.4
DOC_110,Dermatology,18,17,11,3,11.6,0,1.09,0.08,252.9
DOC_111,Neurology,11,10,8,4,25.4,0,0.86,0.08,207.1
DOC_107,Neurology,5,4,15,0,23.4,0,1.37,0.1,153.2
DOC_100,General Medicine,11,10,9,1,20.6,1,1.19,0.13,327.4
DOC_101,Pediatrics,17,16,9,3,11.7,2,1.32,0.14,326.5
DOC_110,Dermatology,19,18,8,1,8.0,0,1.04,0.19,134.8
DOC_101,General Medicine,12,11,14,2,9.6,0,1.39,0.1,155.1
DOC_103,Dermatology,14,13,11,4,12.5,1,1.11,0.05,241.8
DOC_105,Pediatrics,6,5,12,0,11.9,0,0.88,0.14,64.4
DOC_100,Pediatrics,3,2,16,4,14.8,0,1.23,0.17,32.3
DOC_100,Dermatology,14,13,9,1,12.1,0,1.16,0.11,217.5
DOC_107,Pediatrics,13,12,12,5,14.9,0,1.32,0.18,214.4
DOC_113,Orthopedics,4,3,10,2,23.7,0,1.25,0.06,107.5
DOC_103,Neurology,8,7,11,2,20.3,0,1.41,0.06,246.5
DOC_106,Orthopedics,3,2,9,4,14.5,0,1.24,0.08,46.4
DOC_100,Pediatrics,11,10,14,1,14.7,0,1.1,0.19,160.1
DOC_113,Pediatrics,14,13,11,1,15.1,1,0.88,0.1,226.9
DOC_102,Cardiology,13,12,14,4,26.0,0,1.48,0.16,471.8
DOC_101,Dermatology,8,7,10,2,13.5,0,1.22,0.12,140.5
DOC_107,Pediatrics,10,9,14,3,15.7,0,1.11,0.15,152.3
DOC_105,Pediatrics,18,17,8,3,16.3,2,1.15,0.1,339.9
DOC_105,Neurology,12,11,15,5,24.9,0,1.19,0.16,327.9
DOC_107,Orthopedics,7,6,11,2,25.2,1,1.33,0.12,285.8
DOC_111,Pediatrics,20,19,10,1,15.1,0,0.88,0.06,301.2
DOC_103,Neurology,7,6,10,4,29.4,0,0.87,0.11,178.5
DOC_103,Orthopedics,18,17,10,4,16.8,1,0.96,0.11,350.2
DOC_100,Orthopedics,1,0,11,0,18.6,0,1.24,0.12,3.7
DOC_102,Pediatrics,1,0,8,1,12.6,0,1.14,0.19,3.3
DOC_104,Pediatrics,3,2,15,2,10.2,0,1.33,0.19,28.1
DOC_111,Dermatology,12,11,8,4,15.4,0,1.4,0.1,225.7
DOC_106,Neurology,5,4,11,2,23.5,1,1.24,0.07,187.5
DOC_101,Pediatrics,3,2,10,3,21.1,1,1.13,0.08,90.5
DOC_109,General Medicine,16,15,9,0,14.7,3,0.95,0.07,359.0
DOC_113,General Medicine,12,11,10,4,13.2,0,0.83,0.13,144.3
DOC_104,Neurology,3,2,9,5,29.0,0,1.11,0.12,80.9
DOC_109,Neurology,21,20,10,0,24.5,1,1.45,0.08,1036.1
DOC_108,Neurology,22,21,10,3,22.4,2,1.44,0.06,908.4
DOC_103,Cardiology,5,4,10,4,15.7,1,1.32,0.13,124.8
DOC_108,Pediatrics,9,8,9,1,13.2,1,0.96,0.06,146.1
DOC_104,Pediatrics,17,16,10,2,11.2,1,1.2,0.15,267.6
DOC_109,Cardiology,4,3,14,0,23.3,0,0.98,0.19,76.3
DOC_107,Neurology,8,7,10,2,24.7,0,1.44,0.16,285.0
DOC_108,General Medicine,12,11,11,2,14.6,0,0.86,0.18,161.0
DOC_106,Dermatology,24,23,14,3,12.3,0,1.38,0.13,398.9
DOC_114,Dermatology,17,16,11,4,9.4,0,1.23,0.08,216.3
DOC_103,Dermatology,2,1,10,1,11.4,0,1.03,0.06,11.9
DOC_109,Pediatrics,19,18,11,0,12.7,1,1.0,0.08,332.0
DOC_104,Cardiology,8,7,10,2,19.7,1,0.81,0.16,147.5
DOC_100,Neurology,12,11,10,5,28.9,2,1.35,0.12,607.9
DOC_111,Neurology,22,21,15,4,16.0,0,1.21,0.09,429.1
DOC_112,Orthopedics,9,8,10,0,18.3,0,1.16,0.09,230.9
DOC_103,Dermatology,23,22,14,5,11.2,0,1.2,0.19,292.5
DOC_100,General Medicine,17,16,8,1,15.1,0,1.29,0.16,288.7
DOC_106,Pediatrics,17,16,15,4,16.0,0,0.89,0.06,236.8
DOC_103,General Medicine,14,13,10,1,15.7,3,1.23,0.11,374.5
DOC_107,Orthopedics,15,14,8,0,16.8,1,1.14,0.17,303.5
DOC_105,Orthopedics,1,0,9,4,21.2,0,0.98,0.05,0.0
DOC_113,Dermatology,18,17,12,0,15.7,0,1.41,0.14,402.6
DOC_113,Pediatrics,6,5,9,0,12.7,1,0.97,0.2,99.2
DOC_102,Pediatrics,4,3,15,0,12.7,1,0.91,0.08,54.6
DOC_114,Dermatology,15,14,10,0,10.9,1,0.83,0.19,178.9
DOC_111,Pediatrics,15,14,11,1,19.6,1,1.08,0.05,391.9
DOC_102,Dermatology,2,1,8,5,11.8,3,0.99,0.11,43.0
DOC_114,Neurology,3,2,16,5,24.0,2,0.85,0.08,90.5
DOC_100,General Medicine,7,6,14,3,11.8,0,1.09,0.16,78.5
DOC_110,General Medicine,4,3,15,2,11.1,1,0.97,0.06,42.5
DOC_105,Orthopedics,8,7,8,5,18.1,1,1.05,0.15,138.8
DOC_107,Cardiology,13,12,10,3,20.5,0,1.41,0.12,406.4
DOC_110,Orthopedics,24,23,15,4,16.6,0,1.26,0.14,485.9
DOC_107,Pediatrics,16,15,11,2,16.4,0,1.03,0.14,292.3
DOC_106,General Medicine,2,1,10,2,20.8,0,1.01,0.19,27.4
DOC_114,Dermatology,12,11,9,0,8.5,0,0.91,0.1,113.2
DOC_113,Neurology,20,19,9,3,26.8,0,1.15,0.16,672.4
DOC_100,Neurology,18,17,12,4,23.2,1,1.15,0.09,466.5
DOC_114,Pediatrics,6,5,9,3,14.2,0,1.27,0.09,106.9
DOC_104,Dermatology,24,23,12,5,12.5,0,0.83,0.09,228.5
DOC_109,General Medicine,2,1,16,1,14.1,0,1.2,0.19,11.9
DOC_105,General Medicine,3,2,14,4,14.3,2,0.82,0.15,49.2
DOC_110,Cardiology,1,0,11,2,21.5,0,1.49,0.19,3.8
DOC_105,Dermatology,18,17,8,4,11.7,0,0.84,0.11,156.5
DOC_111,Neurology,12,11,10,4,25.6,0,1.48,0.1,497.0
DOC_109,General Medicine,13,12,12,3,19.1,0,1.04,0.15,216.7
DOC_100,General Medicine,13,12,10,2,16.3,0,1.27,0.17,281.6
DOC_109,Neurology,11,10,10,0,28.5,0,0.93,0.07,366.7
DOC_102,Neurology,20,19,11,5,26.7,0,1.04,0.13,619.0
DOC_114,Neurology,16,15,15,4,26.4,0,0.84,0.14,345.5
DOC_107,General Medicine,1,0,11,0,18.8,0,0.99,0.05,1.0
DOC_102,Cardiology,23,22,12,1,23.6,0,1.05,0.07,532.6
DOC_113,Pediatrics,1,0,8,1,17.6,0,0.87,0.17,1.5
DOC_112,Pediatrics,18,17,15,3,18.9,0,1.15,0.19,369.7
DOC_103,Cardiology,21,20,8,5,19.9,0,1.35,0.17,490.4
DOC_107,Neurology,13,12,9,1,23.5,1,1.15,0.19,406.2
DOC_110,Cardiology,15,14,12,2,21.4,1,1.15,0.19,339.1
DOC_104,Orthopedics,17,16,15,4,13.0,2,0.94,0.14,229.9
DOC_103,Dermatology,13,12,10,2,14.0,0,0.87,0.07,176.1
DOC_108,Pediatrics,19,18,9,2,12.1,1,1.39,0.13,378.1
DOC_103,Dermatology,16,15,12,5,10.1,0,0.95,0.06,137.9
DOC_114,General Medicine,16,15,11,2,14.8,1,1.49,0.07,428.8
DOC_103,Neurology,7,6,9,2,30.8,1,0.87,0.17,221.2
DOC_104,Pediatrics,7,6,9,3,19.6,0,1.33,0.19,172.2
DOC_109,Orthopedics,9,8,12,3,18.4,0,0.99,0.19,131.5
DOC_112,Pediatrics,24,23,14,4,12.1,0,1.12,0.06,335.6
DOC_106,Orthopedics,10,9,9,4,14.8,0,1.44,0.08,236.2
DOC_108,Cardiology,14,13,12,3,17.9,2,1.15,0.17,289.3
DOC_105,General Medicine,18,17,9,2,13.5,0,0.98,0.06,269.7
DOC_101,Neurology,19,18,9,3,26.4,0,0.84,0.05,477.2
DOC_105,Cardiology,15,14,16,1,23.8,0,1.14,0.06,371.5
DOC_109,Orthopedics,7,6,9,5,21.9,0,1.5,0.12,229.1
DOC_113,General Medicine,17,16,15,0,11.6,1,0.97,0.19,216.9
DOC_101,General Medicine,12,11,15,2,14.1,0,1.04,0.08,170.6
DOC_113,Pediatrics,8,7,12,2,19.3,0,1.21,0.12,151.9
DOC_101,Pediatrics,1,0,10,2,17.5,0,1.49,0.11,3.0
DOC_111,General Medicine,17,16,10,5,12.8,1,0.82,0.13,211.0
DOC_100,Orthopedics,16,15,14,0,17.1,0,1.14,0.13,346.3
DOC_100,Neurology,24,23,11,0,24.3,0,0.93,0.12,707.2
DOC_112,Pediatrics,6,5,11,3,14.3,0,1.18,0.07,104.0
DOC_106,Pediatrics,10,9,14,2,14.8,0,1.13,0.18,153.3
DOC_101,Orthopedics,6,5,10,0,17.0,1,1.1,0.1,158.3
DOC_111,General Medicine,18,17,9,0,16.4,0,0.97,0.2,349.8
DOC_102,Neurology,14,13,15,5,27.7,0,0.94,0.19,340.9
DOC_109,Cardiology,2,1,9,1,19.8,0,1.38,0.07,33.8
DOC_102,Pediatrics,1,0,9,5,16.5,0,1.06,0.17,4.5
DOC_108,Cardiology,6,5,11,3,21.7,0,1.43,0.19,175.1
DOC_107,Pediatrics,22,21,16,4,13.2,0,1.47,0.06,397.3
DOC_100,Pediatrics,14,13,8,3,22.2,0,1.15,0.09,321.1
DOC_107,Cardiology,20,19,11,4,15.0,1,1.37,0.15,484.7
DOC_108,Pediatrics,9,8,9,0,12.8,0,1.4,0.08,200.2
DOC_108,Cardiology,5,4,11,4,20.1,0,0.88,0.14,84.2
DOC_103,General Medicine,8,7,11,3,19.8,0,0.86,0.11,139.8
DOC_112,Pediatrics,15,14,10,1,14.3,0,1.23,0.19,277.1
DOC_101,Dermatology,16,15,14,1,11.2,0,1.41,0.14,240.6
DOC_111,Orthopedics,23,22,15,0,19.5,0,0.93,0.12,471.5
DOC_110,Cardiology,19,18,14,4,21.4,1,1.04,0.06,448.0
DOC_107,Pediatrics,22,21,11,2,17.0,2,1.22,0.13,569.1
DOC_108,Dermatology,17,16,8,2,12.7,0,1.19,0.1,228.6
DOC_100,General Medicine,17,16,9,5,14.7,0,1.33,0.08,376.7
DOC_111,General Medicine,6,5,10,0,14.8,2,1.44,0.14,211.7
DOC_112,Pediatrics,7,6,10,1,16.7,0,0.93,0.09,114.6
DOC_100,Neurology,16,15,9,5,22.5,1,1.03,0.06,454.8
DOC_113,Pediatrics,3,2,17,3,15.0,1,1.17,0.08,56.9
DOC_111,Orthopedics,17,16,14,3,21.3,1,0.88,0.14,329.2
DOC_110,General Medicine,11,10,8,1,15.9,0,1.25,0.15,183.1
DOC_105,Orthopedics,24,23,17,4,17.5,0,1.33,0.06,524.2
DOC_113,Neurology,3,2,8,5,26.6,0,1.28,0.08,62.0
DOC_109,Orthopedics,18,17,14,4,20.4,0,1.14,0.11,410.9
DOC_102,Orthopedics,17,16,15,1,18.4,1,0.81,0.18,255.7
DOC_111,General Medicine,17,16,11,5,18.7,3,0.82,0.17,343.5
DOC_113,Neurology,18,17,8,5,22.8,1,1.46,0.15,560.3
DOC_105,Cardiology,7,6,10,1,20.4,0,0.98,0.17,138.9
DOC_109,Dermatology,24,23,12,5,8.0,0,1.08,0.1,188.2
DOC_104,Cardiology,7,6,11,1,18.7,0,1.36,0.16,176.8
DOC_111,Neurology,21,20,9,3,23.5,0,1.05,0.13,576.3
DOC_105,Dermatology,15,14,10,3,12.0,0,1.05,0.11,207.7
DOC_106,General Medicine,19,18,14,2,13.0,0,0.92,0.17,214.3
DOC_103,Neurology,23,22,10,2,24.8,0,1.08,0.13,685.7
DOC_114,Dermatology,1,0,15,2,14.9,1,0.91,0.2,18.8
DOC_110,Pediatrics,2,1,16,1,17.2,0,1.38,0.19,20.5
DOC_107,General Medicine,6,5,9,4,19.2,0,1.33,0.16,152.4
DOC_100,Neurology,8,7,16,1,28.2,0,1.32,0.19,236.5
DOC_114,General Medicine,14,13,14,5,18.0,0,1.29,0.05,319.5
DOC_102,Cardiology,5,4,10,1,20.7,0,1.37,0.1,130.5
DOC_114,Neurology,9,8,10,0,21.4,1,1.2,0.15,318.7
DOC_109,Neurology,1,0,8,5,25.6,0,1.27,0.1,8.4
DOC_110,Dermatology,11,10,10,3,10.9,0,0.97,0.16,123.3
DOC_107,Cardiology,12,11,9,4,19.5,0,1.24,0.17,299.5
DOC_103,Neurology,7,6,11,2,30.0,0,1.44,0.2,289.0
DOC_107,Cardiology,23,22,9,0,22.0,0,0.97,0.12,634.2
DOC_112,Pediatrics,8,7,11,3,9.5,2,1.23,0.08,135.4
DOC_113,Orthopedics,13,12,15,1,23.4,1,1.22,0.13,389.2
DOC_108,Orthopedics,6,5,11,5,17.2,1,1.0,0.13,119.6
DOC_113,Cardiology,17,16,17,5,22.4,0,1.03,0.12,351.8
DOC_109,General Medicine,18,17,15,0,17.2,0,1.17,0.05,423.2
DOC_105,General Medicine,12,11,9,0,18.1,0,1.02,0.18,262.7
DOC_108,Pediatrics,12,11,11,2,13.0,0,1.21,0.07,211.7
DOC_104,Pediatrics,20,19,14,2,18.9,0,1.14,0.06,435.0
DOC_105,Orthopedics,16,15,14,5,14.7,0,1.31,0.05,315.1
DOC_106,General Medicine,8,7,10,2,16.5,0,1.39,0.2,180.8
DOC_100,Neurology,7,6,8,4,26.9,0,0.83,0.1,126.3
DOC_111,Dermatology,13,12,11,2,17.7,0,1.46,0.16,356.2
DOC_109,Orthopedics,15,14,16,4,18.7,0,1.18,0.16,284.5
DOC_107,Orthopedics,19,18,17,1,13.7,0,1.39,0.07,335.4
DOC_100,Dermatology,23,22,9,3,12.5,0,1.42,0.11,460.0
DOC_106,Pediatrics,1,0,17,2,13.0,0,1.26,0.09,2.1
DOC_111,Cardiology,5,4,8,0,17.3,1,1.36,0.13,127.7
DOC_113,General Medicine,11,10,14,3,12.6,0,1.35,0.08,182.0
DOC_112,General Medicine,13,12,15,0,13.7,2,1.45,0.05,355.5
DOC_106,Cardiology,11,10,10,2,22.4,0,1.48,0.13,383.3
DOC_112,Dermatology,1,0,11,2,13.2,0,1.32,0.16,0.1
DOC_100,General Medicine,3,2,14,5,9.4,0,1.19,0.05,23.5
DOC_103,General Medicine,2,1,11,4,15.7,0,1.37,0.07,29.3
DOC_105,General Medicine,7,6,8,5,18.7,0,1.25,0.2,123.5
DOC_113,Dermatology,3,2,15,0,14.0,2,1.41,0.13,103.5
DOC_105,Neurology,5,4,9,2,28.8,0,0.92,0.15,119.3
DOC_102,Cardiology,14,13,8,3,17.5,2,1.21,0.13,309.3
DOC_108,Dermatology,2,1,9,2,12.3,1,1.43,0.17,40.2
DOC_106,Orthopedics,6,5,12,1,15.7,1,0.94,0.11,89.5
DOC_109,Orthopedics,6,5,11,1,18.7,1,1.48,0.09,198.3
DOC_105,Orthopedics,7,6,10,3,21.8,0,1.45,0.19,211.8
DOC_107,Cardiology,9,8,10,1,20.5,1,1.36,0.12,305.1
DOC_102,Orthopedics,10,9,9,0,20.6,1,0.86,0.18,237.2
DOC_103,Cardiology,2,1,11,5,18.4,0,1.31,0.13,25.8
DOC_107,Cardiology,23,22,10,3,18.7,0,1.32,0.07,659.3
DOC_113,Neurology,5,4,8,3,28.3,0,1.4,0.15,144.7
DOC_107,Neurology,14,13,15,2,28.9,1,1.02,0.15,436.3
DOC_109,Neurology,11,10,9,1,20.6,1,0.95,0.15,250.0
DOC_113,Pediatrics,24,23,12,1,17.5,0,1.2,0.16,448.6
DOC_103,Orthopedics,17,16,14,3,16.8,0,1.26,0.19,330.6
DOC_103,Cardiology,12,11,9,0,22.3,0,1.29,0.09,431.0
DOC_104,Cardiology,8,7,8,0,24.2,1,1.13,0.05,252.1
DOC_110,Cardiology,5,4,11,0,16.6,0,1.42,0.12,126.4
DOC_100,Pediatrics,7,6,11,0,15.5,1,1.1,0.16,160.1
DOC_102,Cardiology,9,8,11,3,18.3,0,1.39,0.14,237.7
DOC_114,Cardiology,19,18,11,4,17.0,0,1.35,0.19,463.9
DOC_113,Dermatology,4,3,9,3,13.3,1,0.83,0.14,53.3
DOC_102,Neurology,18,17,11,1,24.0,0,1.19,0.14,570.3
DOC_111,General Medicine,2,1,14,0,19.1,0,1.38,0.1,30.0
DOC_100,General Medicine,17,16,9,4,14.0,0,1.17,0.06,310.9
DOC_110,Dermatology,17,16,14,1,11.4,1,1.2,0.08,243.2
DOC_105,Neurology,16,15,11,4,25.5,0,1.17,0.19,504.8
DOC_102,Cardiology,2,1,17,5,21.6,1,0.96,0.06,45.9
DOC_109,Dermatology,12,11,15,5,11.0,0,1.07,0.07,141.1
DOC_110,General Medicine,18,17,9,1,17.0,1,1.16,0.1,420.7
DOC_114,Pediatrics,6,5,8,1,15.2,0,1.07,0.15,68.3
DOC_102,Cardiology,16,15,9,2,20.1,0,0.85,0.19,286.5
DOC_102,Pediatrics,15,14,10,1,12.9,0,0.91,0.09,194.0
DOC_108,General Medicine,2,1,15,0,12.4,0,0.93,0.12,18.0
DOC_109,Dermatology,10,9,8,5,12.2,0,1.05,0.07,108.5
DOC_101,Orthopedics,18,17,15,5,20.8,0,1.43,0.17,508.6
DOC_109,Pediatrics,19,18,15,2,12.7,0,0.84,0.08,196.6
DOC_100,Neurology,21,20,8,2,24.8,2,1.25,0.11,661.3
DOC_103,Dermatology,15,14,14,2,12.6,0,1.2,0.14,219.2
DOC_112,General Medicine,13,12,14,1,20.1,0,0.87,0.11,214.3
DOC_102,Orthopedics,21,20,10,5,16.1,0,1.37,0.18,501.5
DOC_112,Dermatology,24,23,9,4,11.4,1,1.48,0.17,466.7
DOC_100,Orthopedics,12,11,15,5,17.5,0,1.27,0.16,247.3
DOC_110,Cardiology,12,11,12,3,12.8,0,1.39,0.1,188.5
DOC_113,Dermatology,14,13,10,5,12.4,0,0.92,0.11,172.5
DOC_103,Neurology,22,21,11,0,26.2,1,1.39,0.1,1101.7
DOC_106,General Medicine,16,15,15,4,11.3,0,0.97,0.06,175.1
DOC_113,Dermatology,3,2,14,0,17.4,0,0.93,0.17,40.5
DOC_106,Orthopedics,3,2,15,3,14.3,0,0.97,0.05,24.5
DOC_108,Pediatrics,21,20,8,4,15.1,0,1.05,0.16,286.9
DOC_105,Dermatology,13,12,8,3,13.4,3,1.07,0.07,220.1
DOC_108,Pediatrics,13,12,10,3,17.3,2,1.5,0.07,445.5
DOC_114,Dermatology,11,10,12,5,13.8,2,0.85,0.15,130.1
DOC_100,Neurology,8,7,15,0,24.8,2,1.14,0.12,312.5
DOC_101,Cardiology,16,15,8,3,26.5,0,1.24,0.12,457.2
DOC_114,Orthopedics,10,9,9,0,13.8,0,0.81,0.2,128.0
DOC_104,Pediatrics,20,19,10,3,14.5,0,0.82,0.14,262.7
DOC_110,Orthopedics,1,0,9,3,18.0,0,1.02,0.18,0.7
DOC_114,Neurology,9,8,9,4,24.6,0,1.3,0.19,282.5
DOC_101,Orthopedics,24,23,10,0,18.2,0,1.29,0.07,744.2
DOC_112,General Medicine,19,18,10,5,19.5,1,0.85,0.12,374.2
DOC_101,Orthopedics,8,7,12,5,19.0,1,1.41,0.14,205.9
DOC_106,Cardiology,20,19,8,0,21.1,1,1.33,0.08,624.1
DOC_112,General Medicine,1,0,9,4,19.0,1,0.99,0.17,29.1
DOC_110,Neurology,5,4,14,5,19.2,0,1.24,0.15,95.5
DOC_108,Orthopedics,14,13,9,4,15.1,0,1.42,0.11,330.4
DOC_110,Pediatrics,14,13,14,3,14.8,0,1.03,0.2,193.0
DOC_112,General Medicine,3,2,11,0,14.5,0,0.98,0.19,30.0
DOC_110,Cardiology,16,15,14,3,22.4,0,1.34,0.19,451.0
DOC_101,Orthopedics,10,9,8,0,15.1,2,0.93,0.09,174.8
DOC_106,Orthopedics,24,23,15,4,21.8,0,0.9,0.14,459.9
DOC_110,General Medicine,15,14,16,5,15.9,0,1.18,0.2,236.9
DOC_111,General Medicine,16,15,8,3,14.7,0,1.42,0.11,298.0
DOC_108,Orthopedics,15,14,16,5,15.4,2,0.88,0.13,210.3
DOC_110,General Medicine,15,14,9,3,15.4,1,1.44,0.09,401.3
DOC_105,Orthopedics,4,3,17,1,19.7,1,1.11,0.09,81.1
DOC_105,Cardiology,14,13,10,1,18.7,0,1.47,0.15,408.9
DOC_106,Pediatrics,21,20,8,0,18.1,3,1.26,0.06,598.6
DOC_112,Orthopedics,9,8,11,0,18.2,2,1.46,0.13,377.2
DOC_111,General Medicine,1,0,11,1,15.2,3,0.91,0.12,61.5
DOC_112,Pediatrics,14,13,9,0,12.3,0,0.85,0.09,187.8
DOC_110,Cardiology,5,4,16,0,12.5,0,1.05,0.06,56.8
DOC_112,Neurology,24,23,16,5,22.2,0,1.23,0.11,594.4
DOC_114,Neurology,12,11,11,0,26.8,0,0.84,0.06,348.0
DOC_104,Pediatrics,22,21,12,0,15.1,0,0.99,0.12,335.3
DOC_105,General Medicine,5,4,12,2,15.9,0,1.18,0.08,72.5
DOC_103,Orthopedics,24,23,9,3,18.9,0,1.39,0.12,709.1
DOC_105,General Medicine,16,15,15,1,23.1,0,1.01,0.11,363.0
DOC_112,Cardiology,20,19,9,0,17.8,0,1.15,0.17,509.8
DOC_112,Pediatrics,1,0,15,2,11.7,0,1.1,0.15,4.2
DOC_112,Neurology,21,20,8,2,29.1,0,0.81,0.15,443.3
DOC_108,Pediatrics,22,21,10,4,11.9,0,1.16,0.12,341.9
DOC_107,Cardiology,23,22,10,0,15.6,1,1.14,0.13,561.8
DOC_103,Orthopedics,5,4,9,3,15.3,0,1.13,0.11,83.9
DOC_100,Dermatology,24,23,14,0,15.2,0,0.94,0.08,394.7
DOC_111,Cardiology,1,0,8,4,19.5,0,0.85,0.07,0.8
DOC_110,Cardiology,21,20,14,3,23.8,0,0.88,0.13,427.4
DOC_108,Pediatrics,9,8,8,3,17.0,3,1.47,0.1,270.9
DOC_113,Cardiology,14,13,15,0,21.0,0,1.39,0.15,447.8
DOC_105,Cardiology,16,15,8,5,17.0,0,1.4,0.07,340.1
DOC_108,General Medicine,2,1,14,2,9.0,0,1.08,0.15,7.5
DOC_100,General Medicine,18,17,9,4,12.3,0,1.4,0.08,353.1
DOC_107,Dermatology,5,4,14,1,13.5,2,1.09,0.1,98.8
DOC_109,Cardiology,20,19,11,0,20.8,1,0.84,0.11,476.7
DOC_108,Pediatrics,14,13,14,1,20.0,0,1.18,0.15,313.7
DOC_106,General Medicine,11,10,10,4,14.1,1,1.05,0.11,194.8
DOC_108,Cardiology,10,9,16,0,20.4,1,0.98,0.17,215.9
DOC_102,Orthopedics,8,7,11,4,18.1,0,0.93,0.13,147.4
DOC_105,Pediatrics,23,22,10,2,10.7,2,0.84,0.17,256.4
DOC_105,Pediatrics,14,13,14,5,17.1,0,1.45,0.12,325.8
DOC_110,Dermatology,22,21,8,0,9.7,1,1.14,0.11,271.8
DOC_101,General Medicine,6,5,16,4,12.6,1,1.43,0.07,107.8
DOC_102,Neurology,21,20,10,1,22.0,1,1.39,0.17,745.3
DOC_114,Neurology,21,20,9,0,26.3,1,1.13,0.06,882.3
DOC_112,Dermatology,5,4,8,2,15.3,0,1.16,0.15,65.0
DOC_111,Cardiology,7,6,11,4,22.7,0,1.03,0.2,157.4
DOC_113,Orthopedics,13,12,9,2,17.7,0,1.12,0.1,281.5
DOC_101,General Medicine,23,22,9,0,16.5,0,1.21,0.06,609.3
DOC_104,Orthopedics,4,3,9,4,20.5,0,1.39,0.16,101.2
DOC_114,General Medicine,6,5,9,4,11.8,0,1.41,0.1,94.8
DOC_112,General Medicine,10,9,14,4,15.0,0,0.99,0.19,134.2
DOC_102,Dermatology,7,6,9,2,10.9,0,1.01,0.18,83.5
DOC_109,Dermatology,4,3,11,0,11.0,0,1.09,0.15,49.7
DOC_103,Cardiology,14,13,12,3,22.2,0,0.8,0.12,221.5
DOC_114,Cardiology,14,13,10,4,19.7,0,1.29,0.07,397.3
DOC_112,General Medicine,1,0,8,5,14.6,0,1.45,0.06,0.0
DOC_106,Orthopedics,8,7,9,2,17.0,0,1.37,0.06,204.1
DOC_105,General Medicine,16,15,12,1,13.2,1,1.49,0.11,302.2
DOC_101,Cardiology,6,5,9,4,24.0,0,1.47,0.14,204.3
DOC_101,Dermatology,7,6,12,5,14.1,0,0.87,0.16,68.1
DOC_113,Neurology,16,15,16,2,22.0,0,1.04,0.17,316.9
DOC_102,General Medicine,8,7,10,3,8.0,0,1.46,0.12,100.1
DOC_102,Neurology,1,0,10,2,29.0,2,0.94,0.07,86.1
DOC_105,Cardiology,16,15,14,4,17.7,3,1.02,0.07,352.9
DOC_104,Dermatology,3,2,9,0,12.1,0,1.14,0.12,31.5
DOC_114,General Medicine,7,6,15,2,20.4,0,1.47,0.13,189.4
DOC_106,Pediatrics,12,11,16,4,18.4,0,1.07,0.11,205.3
DOC_103,Pediatrics,3,2,11,5,21.2,1,1.13,0.11,92.3
DOC_102,Pediatrics,24,23,15,2,13.1,1,0.82,0.19,260.9
DOC_108,Neurology,8,7,11,4,21.2,0,1.09,0.08,196.7
DOC_108,Orthopedics,12,11,9,1,13.6,3,1.01,0.14,238.5
DOC_110,Cardiology,15,14,11,1,23.1,0,0.96,0.11,361.2
DOC_105,Neurology,24,23,15,4,23.8,1,0.95,0.11,570.0
DOC_114,General Medicine,9,8,9,2,11.7,0,1.14,0.18,120.3
DOC_112,Neurology,20,19,10,0,19.9,0,0.99,0.17,492.1
DOC_111,Cardiology,15,14,14,5,18.6,1,1.1,0.15,321.8
DOC_100,Cardiology,11,10,12,5,17.7,0,1.3,0.08,222.2
DOC_103,Orthopedics,18,17,15,0,21.1,0,1.31,0.1,559.7
DOC_111,Neurology,13,12,11,5,22.1,1,0.83,0.13,283.1
DOC_105,Cardiology,24,23,9,5,18.6,3,1.35,0.15,774.8
DOC_101,Dermatology,6,5,11,1,15.0,1,1.5,0.09,169.0
DOC_113,Dermatology,4,3,15,3,9.7,0,0.99,0.05,29.5
DOC_109,Orthopedics,11,10,15,0,14.9,2,1.33,0.16,289.8
DOC_114,Neurology,8,7,10,1,23.2,0,1.39,0.09,267.3
DOC_107,General Medicine,21,20,9,1,16.2,0,1.47,0.14,550.9
DOC_102,Dermatology,18,17,12,4,15.1,3,0.87,0.11,252.7
DOC_103,Dermatology,2,1,15,3,14.6,1,1.08,0.13,32.4
DOC_106,Pediatrics,12,11,15,1,13.1,0,1.04,0.14,156.3
DOC_108,Dermatology,20,19,9,5,9.6,0,1.23,0.11,267.4
DOC_108,General Medicine,6,5,10,3,12.8,0,1.12,0.19,84.2
DOC_109,Orthopedics,15,14,9,0,15.2,1,0.9,0.07,287.9
DOC_108,Cardiology,13,12,14,2,20.1,0,0.96,0.12,239.7
DOC_111,Dermatology,17,16,15,3,12.0,0,1.1,0.11,218.3
DOC_109,Pediatrics,22,21,11,3,17.7,0,1.06,0.12,464.7
DOC_106,Orthopedics,4,3,15,3,16.9,0,1.47,0.16,73.8
DOC_109,Dermatology,20,19,11,5,10.1,0,1.02,0.19,216.8
DOC_109,General Medicine,20,19,14,1,13.5,1,1.07,0.19,292.6
DOC_111,Pediatrics,2,1,12,1,14.9,0,1.01,0.2,8.6
DOC_100,Neurology,7,6,10,2,20.2,0,1.17,0.09,167.0
DOC_104,General Medicine,13,12,9,0,16.0,1,0.96,0.17,265.0
DOC_101,Neurology,22,21,8,3,24.8,0,1.28,0.11,631.0
DOC_109,General Medicine,6,5,11,4,17.9,0,1.01,0.19,107.0
DOC_114,Cardiology,4,3,9,2,22.3,0,1.3,0.11,98.7
DOC_110,Neurology,9,8,16,5,24.4,0,0.84,0.15,148.1
DOC_102,General Medicine,18,17,9,2,16.6,0,1.25,0.09,419.3
DOC_107,Cardiology,10,9,8,5,18.7,0,1.03,0.08,164.3
DOC_100,Neurology,24,23,11,5,28.4,0,1.45,0.07,1138.4
DOC_109,General Medicine,1,0,8,1,13.9,1,1.37,0.2,27.1
DOC_104,General Medicine,20,19,9,2,8.8,0,1.01,0.16,197.7
DOC_109,General Medicine,3,2,11,2,14.1,0,1.21,0.13,42.5
DOC_114,General Medicine,21,20,14,4,9.0,0,0.83,0.05,161.3
DOC_101,Pediatrics,22,21,12,2,18.7,0,1.21,0.19,433.1
DOC_103,Dermatology,20,19,9,1,13.9,0,0.93,0.07,299.4
DOC_107,General Medicine,16,15,14,3,11.3,0,0.88,0.06,164.1
DOC_109,General Medicine,19,18,8,0,20.1,0,0.82,0.1,324.6
DOC_108,Orthopedics,11,10,9,4,20.7,0,0.85,0.13,199.6
DOC_109,Dermatology,5,4,11,3,10.7,1,1.23,0.15,80.5
DOC_101,Pediatrics,9,8,11,5,16.5,0,0.83,0.08,133.4
DOC_105,Orthopedics,3,2,12,2,15.3,0,0.82,0.14,17.0
DOC_109,Dermatology,12,11,8,3,14.2,0,1.29,0.08,192.0
DOC_113,General Medicine,6,5,10,4,14.7,0,1.35,0.12,120.5
DOC_107,Orthopedics,11,10,9,4,21.2,0,1.13,0.2,263.9
DOC_114,Neurology,12,11,10,2,24.9,1,1.14,0.16,398.1
DOC_105,Orthopedics,6,5,11,0,18.8,1,0.89,0.09,136.2
DOC_105,General Medicine,6,5,16,0,19.8,0,0.88,0.07,97.0
DOC_103,Neurology,18,17,10,1,27.4,0,1.15,0.07,654.2
DOC_102,Pediatrics,23,22,15,5,17.6,0,1.27,0.16,491.6
DOC_112,Cardiology,13,12,8,2,21.8,1,0.92,0.06,256.4
DOC_103,Neurology,16,15,16,4,21.0,0,1.39,0.18,395.5
DOC_113,General Medicine,6,5,11,3,15.2,3,1.05,0.12,156.9
DOC_111,Pediatrics,3,2,10,3,19.5,0,0.96,0.05,47.1
DOC_110,Pediatrics,5,4,8,0,12.9,0,1.3,0.06,73.6
DOC_108,Dermatology,20,19,10,5,11.1,1,0.84,0.13,214.9
DOC_109,General Medicine,14,13,15,5,10.4,0,0.99,0.18,136.0
DOC_100,Orthopedics,24,23,14,1,20.0,0,1.47,0.1,706.3
DOC_106,General Medicine,23,22,12,4,14.2,0,1.11,0.13,325.9
DOC_102,Neurology,22,21,12,4,25.8,0,1.07,0.12,546.6
DOC_111,Cardiology,12,11,9,4,14.7,0,1.45,0.06,281.6
DOC_112,Cardiology,1,0,17,3,22.1,0,0.9,0.05,0.0
DOC_102,Dermatology,16,15,17,4,18.4,0,1.35,0.07,363.3
DOC_111,Neurology,7,6,12,4,24.6,0,1.09,0.12,154.7
DOC_102,Dermatology,12,11,10,4,8.9,0,0.88,0.12,99.7
DOC_107,Cardiology,21,20,12,4,12.9,0,1.08,0.14,261.4
DOC_109,Dermatology,24,23,14,5,15.1,1,1.26,0.11,478.7
DOC_105,Dermatology,12,11,16,4,13.3,0,1.25,0.11,174.2
DOC_113,Pediatrics,4,3,14,4,13.6,0,1.09,0.19,45.0
DOC_108,Dermatology,10,9,11,4,20.8,0,0.99,0.11,215.3
DOC_105,Neurology,3,2,17,5,22.0,0,0.92,0.1,35.2
DOC_103,Dermatology,9,8,9,0,14.7,1,0.9,0.17,158.4
DOC_108,General Medicine,3,2,14,4,9.3,1,1.18,0.13,37.8
DOC_108,Cardiology,21,20,14,5,26.4,0,1.12,0.11,615.7
DOC_114,Orthopedics,20,19,10,4,20.2,0,1.2,0.19,516.5
DOC_113,Neurology,20,19,15,4,28.6,0,0.98,0.11,553.6
DOC_105,Pediatrics,11,10,11,2,10.1,0,1.22,0.14,140.8
DOC_110,General Medicine,9,8,11,1,18.8,0,1.45,0.14,245.7
DOC_109,Dermatology,12,11,11,1,15.6,0,1.11,0.13,225.0
DOC_106,Pediatrics,21,20,11,5,9.1,0,1.29,0.08,276.6
DOC_106,Pediatrics,2,1,8,1,15.0,0,0.9,0.11,8.8
DOC_106,Dermatology,18,17,11,3,11.2,0,1.02,0.14,229.0
DOC_100,Dermatology,9,8,15,5,8.6,0,0.98,0.13,61.2
DOC_110,Neurology,2,1,11,1,25.5,0,1.1,0.18,30.9
DOC_107,Cardiology,12,11,10,3,23.5,1,1.24,0.15,416.2
DOC_107,Pediatrics,8,7,14,3,12.5,0,1.49,0.11,133.6
DOC_108,Orthopedics,3,2,10,5,18.5,0,1.31,0.05,56.2
DOC_108,Dermatology,15,14,14,3,11.6,0,0.98,0.08,173.7
DOC_110,Neurology,24,23,14,5,23.8,0,0.81,0.15,453.0
DOC_111,Cardiology,21,20,14,4,21.6,0,1.18,0.19,502.2
DOC_114,Orthopedics,23,22,14,1,11.7,0,0.99,0.17,261.2
DOC_114,Pediatrics,21,20,12,2,13.3,0,0.81,0.07,211.4
DOC_114,General Medicine,16,15,8,5,14.0,0,1.05,0.1,206.7
DOC_107,Pediatrics,19,18,11,5,8.0,0,1.49,0.15,248.3
DOC_107,Dermatology,8,7,9,4,16.3,0,0.86,0.06,117.4
DOC_111,Cardiology,15,14,10,2,18.5,0,1.24,0.1,380.5
DOC_107,Neurology,13,12,11,0,24.3,0,0.84,0.15,322.0
DOC_105,Neurology,23,22,10,5,27.0,1,1.05,0.09,789.2
DOC_103,Neurology,10,9,12,0,24.4,0,0.84,0.13,197.5
DOC_112,Cardiology,14,13,17,4,19.4,0,1.2,0.14,288.3
DOC_106,Orthopedics,22,21,15,2,18.9,0,1.09,0.13,445.9
DOC_112,General Medicine,13,12,9,1,17.0,0,1.45,0.07,356.0
DOC_110,Pediatrics,24,23,14,3,8.8,0,1.08,0.08,233.2
DOC_113,Pediatrics,12,11,8,0,16.0,0,0.84,0.19,152.8
DOC_104,Dermatology,4,3,14,2,14.1,0,1.41,0.15,59.9
DOC_111,Cardiology,23,22,14,5,19.3,1,0.81,0.17,362.0
DOC_100,Cardiology,13,12,11,0,20.2,0,1.23,0.17,393.3
DOC_105,Orthopedics,6,5,15,5,22.9,3,1.08,0.08,230.2
DOC_101,Neurology,20,19,8,4,28.1,0,1.06,0.16,526.3
DOC_103,Dermatology,23,22,10,2,11.0,1,1.45,0.09,439.3
DOC_103,Cardiology,24,23,14,5,22.4,0,1.03,0.15,538.0
DOC_104,Pediatrics,15,14,11,0,18.4,0,1.47,0.17,495.8
DOC_100,General Medicine,22,21,8,0,10.9,0,1.23,0.11,306.4
DOC_112,Dermatology,22,21,12,3,13.6,0,1.33,0.17,344.5
DOC_109,Orthopedics,14,13,15,1,13.3,0,1.12,0.15,201.9
DOC_112,Dermatology,12,11,16,4,8.0,3,0.88,0.19,93.6
DOC_104,Pediatrics,15,14,12,0,20.3,0,1.08,0.07,341.3
DOC_104,Cardiology,19,18,8,4,17.4,0,1.34,0.14,385.4
DOC_113,Neurology,19,18,15,3,28.1,0,1.16,0.11,605.9
DOC_103,Neurology,7,6,10,1,22.3,0,1.19,0.05,192.9
DOC_109,General Medicine,22,21,14,1,19.0,3,0.9,0.11,431.6
DOC_101,Pediatrics,22,21,10,5,20.4,0,1.49,0.19,718.9
DOC_106,Orthopedics,23,22,10,4,17.8,1,0.96,0.08,475.0
DOC_106,Orthopedics,16,15,9,5,16.4,0,1.15,0.05,349.5
DOC_108,Pediatrics,11,10,11,1,15.3,1,1.33,0.16,257.2
DOC_108,General Medicine,18,17,14,1,13.8,1,1.24,0.18,305.6
DOC_111,Orthopedics,18,17,9,1,14.4,1,1.16,0.18,354.0
DOC_111,Cardiology,3,2,9,5,23.6,0,1.45,0.17,71.7
DOC_105,General Medicine,18,17,11,2,9.8,0,1.24,0.13,241.3
DOC_111,Orthopedics,15,14,15,5,20.2,0,1.42,0.19,407.0
DOC_105,General Medicine,24,23,16,0,16.9,0,1.32,0.13,557.4
DOC_103,Pediatrics,23,22,10,4,15.8,0,1.46,0.13,598.3
DOC_109,General Medicine,9,8,8,1,11.6,0,1.18,0.12,109.4
DOC_109,Dermatology,11,10,12,4,8.1,0,0.97,0.13,73.4
DOC_105,Pediatrics,17,16,16,4,14.4,0,1.17,0.1,257.9
DOC_112,General Medicine,24,23,8,2,13.7,0,1.22,0.13,353.7
DOC_114,Orthopedics,24,23,14,5,16.8,3,0.96,0.1,447.4
DOC_100,Cardiology,20,19,15,0,19.7,1,0.87,0.16,408.4
DOC_103,Orthopedics,15,14,10,5,10.1,1,1.16,0.11,211.2
DOC_113,Pediatrics,3,2,11,4,16.3,0,1.36,0.05,54.8
DOC_102,Orthopedics,19,18,9,5,19.3,0,0.87,0.14,344.3
DOC_100,General Medicine,19,18,11,2,16.4,1,1.07,0.16,387.5
DOC_109,Orthopedics,11,10,9,3,23.1,0,1.15,0.15,306.0
DOC_101,General Medicine,21,20,9,3,15.1,0,0.99,0.13,353.8
DOC_110,Dermatology,15,14,14,1,8.0,0,0.92,0.17,106.2
DOC_105,Dermatology,3,2,10,0,13.4,0,1.01,0.09,26.5
DOC_109,Neurology,7,6,12,5,27.1,1,1.04,0.09,190.1
DOC_107,Cardiology,16,15,14,1,21.9,1,1.25,0.14,454.3
DOC_107,Pediatrics,13,12,11,1,18.7,0,1.11,0.15,289.8
DOC_104,General Medicine,12,11,8,3,15.1,1,0.98,0.1,170.4
DOC_107,General Medicine,2,1,14,0,16.6,0,0.99,0.1,17.4
DOC_110,Cardiology,21,20,11,0,22.6,2,1.05,0.09,722.8
DOC_110,Neurology,3,2,9,0,25.9,3,1.39,0.08,277.9
DOC_105,Cardiology,5,4,9,3,25.2,3,1.02,0.12,230.0
DOC_103,General Medicine,3,2,8,2,14.8,0,1.42,0.1,43.5
DOC_105,Orthopedics,23,22,9,3,17.1,1,1.16,0.14,533.0
DOC_105,Pediatrics,19,18,11,4,15.6,0,1.0,0.13,335.1
DOC_114,Pediatrics,16,15,12,1,16.7,0,1.41,0.06,344.7
DOC_109,Dermatology,18,17,8,0,9.7,0,1.49,0.16,265.8
DOC_106,Pediatrics,18,17,11,4,16.6,0,1.3,0.06,448.5
DOC_107,Neurology,22,21,11,2,27.9,0,1.01,0.13,688.9
DOC_100,Pediatrics,23,22,11,0,14.2,1,0.84,0.06,385.2
DOC_106,General Medicine,2,1,9,5,15.8,1,0.81,0.08,36.5
DOC_101,Cardiology,5,4,15,2,18.0,1,1.0,0.09,98.7
DOC_112,Neurology,22,21,9,5,22.3,0,1.3,0.06,740.8
DOC_113,Dermatology,18,17,10,3,12.1,1,1.42,0.09,372.8
DOC_110,Dermatology,21,20,10,0,12.6,0,1.28,0.05,450.2
DOC_100,Dermatology,9,8,14,4,16.1,2,1.16,0.1,203.2
DOC_105,General Medicine,23,22,10,2,17.1,1,1.49,0.18,675.5
DOC_108,Pediatrics,13,12,14,5,17.5,0,0.8,0.08,172.1
DOC_104,Dermatology,5,4,9,3,10.2,0,1.12,0.12,53.7
DOC_101,Orthopedics,16,15,17,0,23.2,0,1.12,0.06,435.2
DOC_101,Cardiology,11,10,11,1,17.6,0,1.24,0.08,260.1
DOC_109,General Medicine,20,19,10,3,15.7,2,1.38,0.09,559.9
DOC_109,Dermatology,2,1,17,0,13.2,1,1.47,0.07,47.1
DOC_112,Orthopedics,9,8,8,2,22.9,0,0.95,0.09,169.7
DOC_111,Dermatology,10,9,15,2,8.0,0,1.46,0.16,100.1
DOC_113,Neurology,10,9,9,1,28.2,0,1.21,0.17,352.9
DOC_107,Cardiology,12,11,8,1,21.0,1,1.15,0.17,277.6
DOC_101,Cardiology,22,21,14,0,19.6,0,0.91,0.19,427.0
DOC_105,Orthopedics,22,21,14,4,16.9,0,0.89,0.16,315.4
DOC_100,Neurology,21,20,10,2,22.8,0,0.81,0.17,417.6
DOC_112,Neurology,5,4,15,3,25.4,0,0.94,0.16,95.4
DOC_100,General Medicine,11,10,17,1,16.1,1,1.28,0.19,209.4
DOC_108,Dermatology,16,15,15,4,9.7,0,1.03,0.14,153.0
DOC_105,Cardiology,19,18,15,1,19.6,0,1.27,0.09,468.9
DOC_102,General Medicine,24,23,9,1,13.9,0,1.16,0.07,447.2
DOC_106,Orthopedics,21,20,11,0,25.3,0,0.97,0.08,680.3
DOC_104,Pediatrics,7,6,12,1,17.4,0,1.08,0.18,101.7
DOC_102,Cardiology,10,9,8,2,17.2,0,1.07,0.14,154.9
DOC_105,General Medicine,22,21,10,1,18.2,2,0.85,0.13,428.9
DOC_101,General Medicine,18,17,10,2,15.7,0,0.99,0.07,323.3
DOC_102,General Medicine,3,2,15,3,18.3,1,1.17,0.17,67.6
DOC_100,General Medicine,14,13,9,5,21.2,2,1.41,0.12,542.8
DOC_113,Pediatrics,8,7,9,1,16.9,0,0.95,0.09,130.0
DOC_103,Cardiology,10,9,14,4,22.8,0,0.91,0.1,197.8
DOC_107,Cardiology,4,3,9,2,16.9,1,1.02,0.18,84.3
DOC_102,Pediatrics,9,8,10,5,15.2,1,1.1,0.12,187.4
DOC_114,Cardiology,22,21,12,4,21.4,2,1.39,0.15,649.7
DOC_101,Orthopedics,6,5,9,1,19.2,0,0.85,0.15,99.3
DOC_104,Cardiology,11,10,9,5,23.8,1,0.99,0.12,313.7
DOC_100,Orthopedics,24,23,14,1,15.6,0,1.5,0.11,557.4
DOC_110,Dermatology,20,19,16,3,8.1,0,1.26,0.15,173.7
DOC_107,Cardiology,13,12,11,3,19.0,0,1.45,0.15,382.3
DOC_114,Orthopedics,14,13,10,0,17.0,1,1.32,0.14,426.1
DOC_103,Pediatrics,14,13,8,2,12.0,0,1.41,0.16,202.7
DOC_108,Orthopedics,15,14,12,1,12.6,1,1.13,0.2,195.8
DOC_112,Dermatology,16,15,10,1,12.6,0,1.43,0.07,329.4
DOC_109,Neurology,22,21,9,2,24.1,1,1.09,0.17,670.3
DOC_114,Dermatology,9,8,10,2,13.7,0,0.83,0.19,104.8
DOC_109,General Medicine,15,14,11,5,17.2,0,1.04,0.07,303.8
DOC_104,General Medicine,6,5,14,5,17.7,1,1.25,0.1,136.5
DOC_106,General Medicine,18,17,14,5,17.9,0,1.22,0.06,393.4
DOC_108,Dermatology,2,1,11,1,16.3,0,1.48,0.08,26.1
DOC_102,General Medicine,16,15,10,4,15.4,0,1.49,0.17,394.2
DOC_101,Dermatology,9,8,9,0,12.9,0,0.82,0.11,113.1
DOC_102,Dermatology,6,5,16,0,14.5,0,0.92,0.05,75.2
DOC_107,Cardiology,2,1,9,3,21.1,0,0.82,0.12,18.5
DOC_112,General Medicine,3,2,11,1,15.1,3,1.38,0.18,135.9
DOC_111,Cardiology,23,22,16,1,19.3,0,1.27,0.18,489.6
DOC_112,Neurology,21,20,9,1,22.0,0,1.11,0.13,567.8
DOC_109,Orthopedics,24,23,10,1,13.8,1,1.36,0.17,518.4
DOC_102,General Medicine,10,9,11,5,17.0,0,1.32,0.14,237.3
DOC_101,General Medicine,10,9,17,1,11.9,2,1.33,0.18,161.6
DOC_101,Orthopedics,23,22,9,3,13.5,0,1.11,0.19,367.5
DOC_105,Orthopedics,14,13,8,2,14.4,0,1.13,0.17,190.0
DOC_111,Cardiology,8,7,12,3,19.6,0,1.44,0.16,183.8
DOC_102,Neurology,12,11,8,0,25.3,1,1.31,0.19,422.3
DOC_110,Pediatrics,22,21,11,4,14.0,0,0.98,0.08,345.8
DOC_107,Dermatology,22,21,9,4,12.9,3,1.41,0.18,515.6
DOC_100,Pediatrics,1,0,14,4,17.3,0,1.45,0.07,0.0
DOC_102,Neurology,14,13,9,2,29.6,0,1.25,0.18,548.3
DOC_112,Dermatology,20,19,11,1,11.0,0,0.93,0.17,228.9
DOC_102,Cardiology,23,22,11,2,25.2,0,1.26,0.15,808.7
DOC_112,Dermatology,19,18,17,1,14.9,0,1.01,0.2,243.8
DOC_106,Dermatology,15,14,17,1,15.3,0,1.04,0.16,211.5
DOC_114,Neurology,17,16,10,2,24.2,0,1.26,0.1,579.2
DOC_111,Dermatology,1,0,10,0,12.9,0,0.99,0.13,1.1
DOC_106,Pediatrics,22,21,11,3,8.0,0,1.27,0.14,246.9
DOC_113,Cardiology,15,14,11,5,14.8,0,1.27,0.16,304.2
DOC_110,General Medicine,24,23,8,4,16.4,0,1.39,0.05,510.2
DOC_108,Dermatology,24,23,12,3,8.0,0,1.14,0.14,194.0
DOC_107,Dermatology,7,6,8,5,10.6,2,1.41,0.11,119.8
DOC_103,Neurology,21,20,15,4,25.4,0,0.84,0.17,430.0
DOC_104,Dermatology,9,8,15,3,9.1,1,1.38,0.11,113.4
DOC_105,Orthopedics,15,14,10,5,18.1,0,0.81,0.08,245.9
DOC_112,Neurology,15,14,14,1,28.2,0,1.11,0.12,452.3
DOC_106,Pediatrics,8,7,10,2,10.3,1,1.41,0.08,138.0
DOC_108,General Medicine,4,3,12,3,10.7,0,1.45,0.16,46.1
DOC_104,Orthopedics,19,18,11,3,16.1,1,1.1,0.19,383.6
DOC_107,Orthopedics,21,20,11,0,22.0,0,0.88,0.14,520.6
DOC_112,Neurology,5,4,9,4,26.6,0,1.28,0.16,161.1
DOC_107,General Medicine,18,17,9,3,20.4,0,1.07,0.14,432.8
DOC_114,Orthopedics,12,11,14,1,19.5,0,0.81,0.1,181.4
DOC_109,General Medicine,19,18,9,0,8.7,0,1.35,0.2,273.8
DOC_101,Pediatrics,12,11,10,3,16.6,0,0.96,0.18,198.6
DOC_113,Orthopedics,13,12,12,0,15.9,1,1.45,0.06,336.1
DOC_111,General Medicine,10,9,14,1,10.2,0,1.45,0.12,134.6
DOC_103,Cardiology,16,15,10,0,18.7,1,1.27,0.2,503.9
DOC_107,General Medicine,6,5,15,3,13.6,0,1.37,0.17,94.4
DOC_100,Dermatology,15,14,15,2,10.6,0,0.85,0.16,125.4
DOC_108,Pediatrics,18,17,10,4,11.9,0,1.07,0.19,251.2
DOC_107,Pediatrics,1,0,9,5,12.6,1,0.98,0.11,18.1
DOC_105,Pediatrics,20,19,15,5,13.2,0,1.05,0.1,278.4
DOC_102,Dermatology,6,5,14,5,9.9,0,1.32,0.2,67.4
DOC_108,Pediatrics,8,7,11,1,14.0,0,0.94,0.09,111.5
DOC_113,Cardiology,6,5,12,5,17.7,0,1.32,0.14,108.2
DOC_102,Orthopedics,14,13,10,3,21.5,0,1.48,0.13,481.9
DOC_114,Dermatology,14,13,8,3,12.0,1,1.34,0.17,210.3
DOC_109,Neurology,21,20,10,3,24.1,1,1.42,0.13,848.2
DOC_101,General Medicine,10,9,10,0,13.1,0,1.15,0.12,183.4
DOC_100,Neurology,17,16,17,1,22.7,0,1.21,0.14,407.0
DOC_114,Cardiology,13,12,8,3,21.9,2,1.38,0.15,407.2
DOC_109,Dermatology,6,5,11,1,8.0,0,1.35,0.18,62.3
DOC_103,Orthopedics,13,12,17,5,17.2,0,1.44,0.1,283.2
DOC_107,Orthopedics,7,6,15,1,8.7,1,1.4,0.2,87.9
DOC_107,Neurology,24,23,16,0,22.7,0,1.22,0.09,704.9
DOC_106,Cardiology,14,13,9,4,16.4,0,0.92,0.11,228.2
DOC_104,Neurology,24,23,10,0,30.8,0,0.84,0.12,804.8
DOC_113,Neurology,19,18,11,1,24.0,0,0.84,0.12,427.3
DOC_103,Cardiology,23,22,9,5,22.5,0,0.87,0.18,486.1
DOC_111,Pediatrics,19,18,8,3,11.6,0,1.3,0.1,258.2
DOC_109,Pediatrics,17,16,9,5,10.1,1,1.02,0.17,205.9
DOC_107,General Medicine,16,15,8,0,17.4,0,1.03,0.12,280.3
DOC_106,Cardiology,12,11,15,4,27.2,1,1.17,0.15,396.0
DOC_105,Dermatology,18,17,15,5,8.0,0,1.42,0.05,201.8
DOC_104,Dermatology,21,20,10,2,12.4,2,1.21,0.17,384.3
DOC_111,Orthopedics,21,20,15,5,14.7,0,1.07,0.13,319.4
DOC_102,Neurology,4,3,11,2,26.0,1,0.81,0.14,100.7
DOC_101,Dermatology,9,8,14,0,12.1,0,1.07,0.1,126.9
DOC_101,Pediatrics,8,7,9,5,13.6,0,1.26,0.18,139.3
DOC_105,Dermatology,8,7,11,0,10.7,0,1.13,0.07,113.3
DOC_104,Neurology,6,5,11,4,26.3,0,0.98,0.18,145.5
DOC_110,Neurology,2,1,8,4,31.6,0,1.46,0.1,47.2
DOC_101,Pediatrics,22,21,14,4,16.5,1,0.98,0.19,358.2
DOC_104,Orthopedics,4,3,15,1,16.7,0,1.05,0.09,59.7
DOC_107,Dermatology,22,21,11,3,12.3,0,1.19,0.16,354.6
DOC_104,General Medicine,9,8,16,0,17.6,1,0.92,0.11,163.8
DOC_100,Cardiology,10,9,15,3,21.3,0,1.45,0.11,289.6
DOC_109,Pediatrics,10,9,14,5,17.3,0,1.21,0.07,201.8
DOC_109,Neurology,16,15,9,4,23.3,0,0.96,0.16,386.9
DOC_111,Orthopedics,8,7,10,0,19.7,0,1.05,0.07,206.9
DOC_100,Cardiology,8,7,8,1,19.3,0,1.49,0.06,192.3
DOC_101,Pediatrics,21,20,14,3,16.9,0,1.32,0.07,471.6
DOC_103,Pediatrics,5,4,15,5,14.5,0,1.26,0.07,77.2
DOC_114,Orthopedics,24,23,8,5,16.3,2,1.2,0.1,473.8
DOC_101,Neurology,20,19,15,2,23.0,1,0.92,0.16,432.7
DOC_100,Cardiology,5,4,11,2,15.8,1,1.4,0.12,140.6
DOC_107,Orthopedics,13,12,9,3,17.9,0,1.33,0.06,342.3
DOC_107,Orthopedics,22,21,14,1,18.2,0,1.26,0.07,506.6
DOC_113,Pediatrics,21,20,8,5,16.7,0,1.09,0.16,332.4
DOC_112,Cardiology,1,0,9,5,21.6,0,1.22,0.12,4.2
DOC_105,General Medicine,16,15,8,4,10.9,1,1.36,0.08,229.4
DOC_114,Pediatrics,11,10,10,5,17.6,0,0.95,0.05,203.8
DOC_104,Pediatrics,5,4,14,0,18.4,0,1.04,0.11,89.3
DOC_106,Dermatology,21,20,15,2,11.0,2,1.49,0.06,392.0
DOC_111,Orthopedics,2,1,14,2,21.8,1,0.88,0.17,41.5
DOC_105,Orthopedics,21,20,9,3,14.9,0,0.89,0.11,314.7
DOC_103,Pediatrics,4,3,10,4,16.6,1,1.17,0.08,101.6
DOC_104,Orthopedics,16,15,16,5,18.2,0,1.34,0.06,356.7
DOC_107,Cardiology,5,4,9,3,20.3,0,1.27,0.15,124.2
DOC_114,Neurology,14,13,12,4,24.8,0,1.19,0.16,359.4
DOC_103,Orthopedics,17,16,9,0,19.6,0,1.37,0.08,593.3
DOC_101,General Medicine,18,17,8,0,18.0,3,1.32,0.16,523.1
DOC_102,Orthopedics,14,13,16,2,17.0,0,1.19,0.11,252.6
DOC_103,Orthopedics,4,3,9,4,17.0,0,1.4,0.06,87.1
DOC_113,Orthopedics,1,0,10,1,21.8,0,0.89,0.1,0.0
DOC_107,Cardiology,4,3,11,4,24.3,0,1.25,0.19,103.7
DOC_112,Orthopedics,8,7,10,5,17.2,1,0.85,0.07,140.0
DOC_106,Dermatology,16,15,17,5,8.0,0,0.82,0.16,93.1
DOC_100,Pediatrics,6,5,9,3,14.1,1,1.06,0.08,115.3
DOC_110,General Medicine,14,13,10,1,15.1,2,1.46,0.17,390.5
DOC_110,Orthopedics,20,19,8,2,14.2,2,1.45,0.07,422.1
DOC_109,Neurology,13,12,11,3,26.5,1,1.45,0.11,603.4
DOC_109,Pediatrics,10,9,9,0,20.5,2,0.97,0.15,306.9
DOC_109,Pediatrics,14,13,11,5,15.2,1,1.19,0.1,305.7
DOC_109,Neurology,5,4,14,2,26.8,0,1.39,0.12,155.1
DOC_108,Orthopedics,6,5,11,0,14.8,0,1.21,0.1,125.3
DOC_114,Orthopedics,3,2,12,1,18.4,0,1.16,0.15,41.1
DOC_101,Cardiology,23,22,11,4,21.7,2,1.08,0.19,649.4
DOC_101,Dermatology,21,20,8,3,11.9,0,1.13,0.17,249.3
DOC_102,Dermatology,22,21,8,5,16.8,0,0.98,0.19,310.8
DOC_110,Neurology,24,23,16,0,30.2,0,1.14,0.17,835.5
DOC_107,Cardiology,10,9,10,0,23.3,2,0.92,0.16,328.0
DOC_114,Cardiology,15,14,8,1,22.8,0,0.86,0.1,257.4
DOC_101,Orthopedics,12,11,10,1,11.8,0,1.36,0.05,217.8
DOC_102,Cardiology,12,11,9,5,17.5,0,1.07,0.12,244.5
DOC_104,Orthopedics,8,7,12,0,12.8,1,1.13,0.08,138.3
DOC_114,Orthopedics,5,4,14,3,18.3,0,1.41,0.16,106.3
DOC_108,Neurology,11,10,11,1,22.5,1,1.16,0.12,338.2
DOC_100,Dermatology,12,11,15,3,11.7,0,1.45,0.19,187.8
DOC_107,Dermatology,21,20,12,4,11.6,1,1.25,0.15,286.4
DOC_111,Pediatrics,2,1,10,2,8.0,2,1.46,0.11,48.2
DOC_104,Pediatrics,10,9,14,5,17.4,2,0.95,0.17,187.3
DOC_104,Cardiology,22,21,14,0,13.7,0,1.23,0.11,421.5
DOC_101,Orthopedics,11,10,14,1,16.5,0,1.27,0.09,223.3
DOC_114,Neurology,8,7,10,5,26.5,0,0.95,0.12,209.3
DOC_109,Cardiology,10,9,11,1,20.6,0,1.22,0.2,254.8
DOC_112,Cardiology,8,7,9,5,25.3,2,1.28,0.16,356.8
DOC_113,Dermatology,8,7,9,5,10.4,0,1.32,0.17,109.3
DOC_107,Pediatrics,1,0,14,5,13.4,0,1.11,0.09,0.0
DOC_112,Dermatology,20,19,8,4,9.0,1,1.01,0.06,176.8
DOC_104,Pediatrics,17,16,10,1,10.0,1,1.44,0.11,285.9
DOC_113,Pediatrics,23,22,10,1,15.9,0,1.26,0.18,501.8
DOC_112,Orthopedics,11,10,11,2,17.9,0,1.15,0.14,237.6
DOC_102,Dermatology,11,10,16,2,13.7,0,1.4,0.13,177.1
DOC_114,Cardiology,1,0,10,2,21.0,1,0.99,0.09,29.4
DOC_100,Orthopedics,15,14,11,3,14.6,0,0.94,0.19,224.5
DOC_113,General Medicine,16,15,9,2,15.4,0,1.0,0.14,265.5
DOC_102,Neurology,8,7,9,1,27.0,2,1.04,0.12,312.8
DOC_105,Orthopedics,8,7,9,1,12.9,0,0.81,0.12,88.8
DOC_100,Cardiology,14,13,9,1,14.7,1,1.25,0.09,307.9
DOC_108,Pediatrics,8,7,11,1,19.2,0,1.39,0.16,214.4
DOC_103,General Medicine,17,16,11,4,18.7,0,0.81,0.16,280.9
DOC_102,Orthopedics,18,17,11,1,15.7,0,1.4,0.11,443.2
DOC_109,Pediatrics,12,11,14,2,13.8,2,1.46,0.07,282.3
DOC_104,General Medicine,17,16,16,2,14.1,0,0.81,0.07,179.9
DOC_110,Neurology,4,3,14,5,24.7,1,1.46,0.06,159.8
DOC_113,Cardiology,18,17,11,1,21.9,1,1.1,0.19,497.1
DOC_100,Neurology,20,19,15,1,24.3,0,1.33,0.14,634.0
DOC_102,Pediatrics,4,3,11,5,14.5,3,1.08,0.05,118.4
DOC_111,Pediatrics,22,21,12,1,18.5,0,1.03,0.13,379.7
DOC_108,Pediatrics,7,6,11,0,16.1,0,0.88,0.11,119.1
DOC_107,Neurology,24,23,12,0,24.5,0,1.33,0.13,802.8
DOC_114,General Medicine,23,22,11,4,18.8,0,0.81,0.12,394.0
DOC_111,Dermatology,18,17,16,0,12.5,0,1.15,0.19,254.5
DOC_103,Neurology,19,18,10,2,22.9,0,1.19,0.16,567.5
DOC_106,Cardiology,18,17,9,0,18.2,0,1.49,0.07,644.4
DOC_103,Dermatology,1,0,9,3,13.8,0,1.07,0.09,0.0
DOC_114,Cardiology,10,9,9,2,16.6,0,0.95,0.2,162.7
DOC_114,Dermatology,13,12,17,3,9.3,0,1.38,0.14,145.2
DOC_111,Neurology,4,3,10,3,25.2,0,1.2,0.19,99.9
DOC_109,General Medicine,9,8,11,4,13.9,0,0.88,0.12,116.1
DOC_104,Cardiology,22,21,15,5,23.1,2,1.14,0.13,635.5
DOC_106,Orthopedics,14,13,12,3,14.3,1,1.46,0.11,274.7
DOC_106,General Medicine,18,17,11,1,19.2,0,0.98,0.14,372.0
DOC_100,Cardiology,4,3,12,3,23.2,1,1.04,0.12,94.7
DOC_106,Pediatrics,20,19,10,4,14.8,2,1.18,0.19,422.8
DOC_107,Cardiology,23,22,11,4,21.7,1,1.38,0.07,841.2
DOC_114,General Medicine,22,21,8,2,10.4,0,0.8,0.12,162.4
DOC_114,General Medicine,17,16,8,3,15.3,1,0.91,0.15,226.9
DOC_101,Neurology,7,6,10,4,28.0,0,1.26,0.11,252.1
DOC_114,General Medicine,21,20,15,0,17.0,1,1.33,0.09,582.9
DOC_109,Cardiology,21,20,10,0,16.9,2,1.36,0.11,703.5
DOC_110,Cardiology,3,2,8,2,16.9,2,0.97,0.08,67.6
DOC_108,Orthopedics,23,22,11,0,15.5,0,0.83,0.07,387.0
DOC_112,Pediatrics,4,3,10,1,14.7,0,0.85,0.07,50.9
DOC_105,Cardiology,17,16,9,5,23.1,0,1.42,0.18,599.6
DOC_109,Pediatrics,10,9,10,4,14.3,0,0.92,0.18,134.5
DOC_101,General Medicine,12,11,11,3,10.6,0,1.36,0.17,178.1
DOC_109,Neurology,19,18,8,5,28.6,0,0.9,0.08,445.7
DOC_100,Pediatrics,17,16,11,0,11.4,0,1.42,0.08,356.3
DOC_113,Dermatology,6,5,8,0,14.6,0,1.11,0.16,83.6
DOC_104,General Medicine,19,18,16,2,12.5,3,1.19,0.12,298.8
DOC_106,Neurology,2,1,10,3,30.9,3,1.06,0.14,181.7
DOC_103,Orthopedics,16,15,10,4,19.1,0,0.85,0.15,279.1
DOC_112,General Medicine,3,2,8,3,12.8,0,1.09,0.08,25.5
DOC_114,Orthopedics,21,20,12,1,15.2,0,1.3,0.14,369.9
DOC_112,Cardiology,19,18,11,5,17.0,3,1.37,0.07,609.7
DOC_105,Pediatrics,1,0,10,0,19.6,1,1.03,0.06,31.9
DOC_101,Cardiology,11,10,11,2,17.6,0,1.11,0.15,226.0
DOC_101,Dermatology,10,9,9,2,16.3,3,1.01,0.07,250.0
DOC_104,Pediatrics,13,12,11,3,11.1,1,1.3,0.06,228.8
DOC_111,Cardiology,12,11,10,0,22.5,0,1.49,0.08,513.2
DOC_102,Cardiology,10,9,12,4,19.0,0,0.92,0.1,151.0
DOC_106,Neurology,24,23,8,3,26.0,2,1.01,0.16,614.0
DOC_111,Dermatology,8,7,10,3,12.3,0,0.86,0.11,81.8
DOC_110,Dermatology,8,7,16,5,11.1,0,1.12,0.17,80.5
DOC_109,Pediatrics,7,6,11,0,15.2,1,0.98,0.06,152.1
DOC_109,Cardiology,16,15,10,2,21.0,2,1.37,0.1,597.8
DOC_114,General Medicine,13,12,10,5,16.1,0,1.35,0.16,305.4
DOC_112,Cardiology,20,19,10,0,20.1,0,1.24,0.17,622.3
DOC_111,Orthopedics,17,16,9,3,17.0,0,0.95,0.08,314.8
DOC_106,Neurology,1,0,16,0,23.2,0,1.08,0.15,1.2
DOC_114,Orthopedics,17,16,9,4,18.0,0,1.43,0.15,472.5
DOC_109,Orthopedics,7,6,16,2,15.6,1,1.13,0.11,126.3
DOC_113,Neurology,5,4,15,1,25.5,0,0.88,0.06,98.2
DOC_114,Dermatology,6,5,9,0,14.4,0,0.87,0.16,79.7
DOC_114,Cardiology,23,22,9,2,22.6,1,1.37,0.15,830.6
DOC_112,Neurology,10,9,14,1,29.0,0,0.86,0.07,236.2
DOC_100,General Medicine,13,12,10,4,13.5,0,1.28,0.05,256.2
DOC_113,Orthopedics,22,21,12,3,18.7,1,1.05,0.06,423.3
DOC_104,General Medicine,21,20,10,3,15.8,0,0.98,0.16,352.5
DOC_100,Pediatrics,4,3,15,0,12.0,1,1.11,0.19,59.6
DOC_112,General Medicine,8,7,9,2,12.9,0,1.07,0.14,110.8
DOC_105,Orthopedics,4,3,8,2,19.6,0,1.47,0.06,81.7
DOC_106,Neurology,22,21,10,5,23.9,1,1.28,0.16,785.4
DOC_109,Orthopedics,19,18,9,0,18.2,0,1.42,0.18,611.7
DOC_108,Cardiology,11,10,15,1,18.0,0,1.08,0.14,199.5
DOC_114,General Medicine,3,2,12,1,14.8,0,1.11,0.1,32.7
DOC_114,Cardiology,15,14,9,5,23.6,0,0.97,0.18,361.9
DOC_106,Pediatrics,7,6,15,2,16.6,0,1.23,0.16,120.0
DOC_100,Orthopedics,15,14,12,2,16.7,0,1.33,0.16,287.5
DOC_106,Neurology,6,5,11,5,24.2,1,1.21,0.15,216.0
DOC_102,Cardiology,18,17,11,0,14.5,3,0.85,0.11,343.0
DOC_106,Orthopedics,20,19,9,1,20.5,0,1.27,0.05,602.7
DOC_100,Cardiology,19,18,8,4,19.4,0,1.18,0.09,392.1
DOC_105,Orthopedics,11,10,15,3,14.4,0,1.05,0.07,162.0
DOC_101,Cardiology,15,14,15,3,19.5,1,1.11,0.2,324.0
DOC_103,Neurology,7,6,15,1,22.1,0,1.13,0.17,154.0
DOC_113,Neurology,6,5,15,0,22.9,3,1.03,0.19,242.3
DOC_113,Orthopedics,4,3,10,1,24.8,0,0.88,0.1,75.2
DOC_113,Dermatology,3,2,9,1,9.4,2,1.27,0.08,63.8
DOC_100,Orthopedics,17,16,14,0,17.4,0,1.1,0.12,364.4
DOC_106,Neurology,15,14,11,1,20.2,1,1.21,0.11,442.0
DOC_106,Orthopedics,4,3,12,5,20.2,1,1.19,0.1,94.0
DOC_105,Neurology,13,12,10,1,28.3,0,1.14,0.07,468.3
DOC_103,General Medicine,5,4,8,2,15.4,2,1.25,0.17,118.1
DOC_108,General Medicine,17,16,8,4,10.7,0,1.11,0.17,175.6
DOC_114,General Medicine,8,7,11,4,18.0,0,1.33,0.06,199.1
DOC_106,General Medicine,7,6,11,2,17.2,0,1.4,0.12,173.0
DOC_113,Pediatrics,15,14,8,1,9.1,0,1.04,0.11,127.2
DOC_107,Dermatology,9,8,12,0,12.3,0,1.03,0.06,110.2
DOC_110,Dermatology,17,16,14,3,16.8,0,0.84,0.18,231.0
DOC_108,Cardiology,7,6,10,5,23.4,1,1.22,0.1,246.8
DOC_113,Dermatology,12,11,12,1,15.9,0,1.32,0.12,217.5
DOC_100,Cardiology,17,16,9,5,21.4,0,1.39,0.19,536.5
DOC_114,Orthopedics,24,23,10,2,19.3,0,1.31,0.15,676.5
DOC_111,Dermatology,22,21,10,0,14.3,0,1.09,0.2,426.2
DOC_109,Pediatrics,17,16,11,2,16.5,0,1.07,0.19,318.5
DOC_113,Orthopedics,20,19,10,3,18.8,0,0.81,0.17,330.9
DOC_106,Neurology,16,15,9,2,24.0,0,1.12,0.19,459.6
DOC_101,Cardiology,19,18,9,1,19.6,0,0.83,0.07,352.3
DOC_114,Pediatrics,24,23,11,2,17.7,0,1.26,0.1,610.9
DOC_102,Cardiology,24,23,12,2,18.7,1,0.84,0.08,372.1
DOC_106,Orthopedics,10,9,16,3,16.7,0,1.14,0.17,159.0
DOC_107,Pediatrics,20,19,8,3,13.0,0,1.38,0.1,327.9
DOC_112,Orthopedics,21,20,11,0,17.6,1,0.84,0.16,413.5
DOC_100,General Medicine,10,9,8,5,14.1,0,1.12,0.05,140.8
DOC_100,Dermatology,1,0,12,2,13.1,0,1.32,0.07,2.6
DOC_112,Dermatology,14,13,9,4,8.7,0,1.25,0.1,169.0
DOC_101,Dermatology,10,9,9,2,10.5,0,0.89,0.13,96.5
DOC_111,Dermatology,17,16,9,2,8.0,1,1.3,0.15,201.6
DOC_112,Cardiology,24,23,11,2,21.1,0,1.11,0.13,630.2
DOC_106,Pediatrics,7,6,8,3,16.2,0,0.81,0.1,78.0
DOC_114,Dermatology,6,5,9,3,9.0,0,1.44,0.08,75.9
DOC_108,Pediatrics,5,4,12,1,18.7,0,1.35,0.12,95.9
DOC_111,General Medicine,4,3,9,5,15.9,0,1.0,0.08,62.2
DOC_104,Orthopedics,22,21,10,3,14.9,1,1.12,0.08,441.7
DOC_112,General Medicine,22,21,10,0,16.3,0,0.84,0.12,391.5
DOC_114,Pediatrics,2,1,8,2,10.4,0,1.08,0.06,5.7
DOC_108,General Medicine,20,19,12,1,16.8,0,0.85,0.2,246.2
DOC_103,Cardiology,12,11,14,5,24.7,0,0.93,0.15,258.0
DOC_105,Neurology,13,12,8,1,26.0,0,1.49,0.07,449.0
DOC_104,Orthopedics,18,17,15,3,14.5,1,1.04,0.12,275.4
DOC_110,General Medicine,12,11,8,5,16.2,0,0.97,0.1,163.4
DOC_104,Cardiology,13,12,10,4,22.2,0,1.3,0.09,406.8
DOC_103,General Medicine,22,21,12,5,14.6,0,0.87,0.14,245.3
DOC_108,General Medicine,8,7,10,4,17.8,0,1.26,0.14,183.8
DOC_105,Pediatrics,11,10,10,2,18.2,1,0.97,0.15,234.5
DOC_102,Orthopedics,22,21,8,5,21.9,0,1.48,0.17,620.9
DOC_107,Orthopedics,11,10,8,2,14.2,0,0.87,0.07,119.3
DOC_108,Dermatology,14,13,14,4,12.6,1,1.42,0.15,257.1
DOC_112,Pediatrics,7,6,12,3,14.7,0,1.13,0.14,100.9
DOC_103,Dermatology,19,18,11,0,11.1,2,1.34,0.07,417.2
DOC_102,Neurology,10,9,17,5,22.3,1,1.2,0.18,246.6
DOC_111,Dermatology,24,23,9,1,14.7,0,0.83,0.12,336.6
DOC_104,Cardiology,10,9,8,4,19.3,0,0.87,0.07,144.3
DOC_109,Cardiology,9,8,11,1,18.9,0,1.33,0.2,230.7
DOC_100,General Medicine,18,17,9,1,11.5,0,0.93,0.09,215.9
DOC_100,Dermatology,19,18,16,1,9.1,0,1.08,0.16,160.1
DOC_106,General Medicine,20,19,9,2,12.9,1,1.02,0.07,327.5
DOC_104,Pediatrics,5,4,15,1,15.5,1,1.01,0.16,80.2
DOC_104,General Medicine,16,15,10,4,17.5,0,1.06,0.18,313.3
DOC_110,Neurology,12,11,11,3,22.7,3,1.19,0.15,462.5
DOC_103,Cardiology,8,7,16,2,18.2,1,0.88,0.16,120.1
DOC_100,Pediatrics,11,10,9,2,16.8,0,1.03,0.07,206.6
DOC_113,Pediatrics,22,21,9,2,12.4,0,1.17,0.06,368.9
DOC_111,Cardiology,12,11,15,0,16.6,0,1.31,0.07,293.4
DOC_100,Dermatology,24,23,10,1,8.7,2,1.45,0.14,371.2
DOC_114,General Medicine,24,23,8,5,15.4,0,0.93,0.18,300.6
DOC_109,Neurology,6,5,8,0,25.6,0,0.92,0.06,130.1
DOC_104,Dermatology,8,7,11,0,10.8,0,1.23,0.11,130.1
DOC_104,Dermatology,2,1,15,0,9.4,0,0.92,0.11,6.5
DOC_110,General Medicine,5,4,12,4,11.3,0,0.88,0.14,35.9
DOC_106,Dermatology,17,16,8,5,11.9,0,1.28,0.13,227.1
DOC_112,Cardiology,7,6,10,2,21.0,1,0.99,0.11,173.3
DOC_103,Orthopedics,17,16,12,4,16.8,1,0.91,0.14,239.7
DOC_112,Neurology,21,20,10,1,24.8,0,1.08,0.13,622.6
DOC_102,Dermatology,10,9,9,0,8.4,0,1.4,0.2,135.2
DOC_113,Pediatrics,4,3,9,3,16.1,0,1.06,0.11,58.9
DOC_111,Dermatology,18,17,16,4,13.9,0,1.4,0.14,308.5
DOC_108,Dermatology,17,16,16,4,11.5,0,1.18,0.12,200.0
DOC_110,Dermatology,6,5,9,2,10.9,0,1.26,0.18,75.1
DOC_112,General Medicine,8,7,15,4,8.0,1,1.17,0.17,79.5
DOC_110,Neurology,1,0,8,3,25.3,0,1.19,0.19,0.0
DOC_100,Pediatrics,2,1,15,3,17.0,2,0.85,0.09,49.1
DOC_108,Pediatrics,23,22,14,3,15.7,0,1.1,0.18,387.7
DOC_102,Dermatology,8,7,15,0,16.4,0,1.0,0.11,143.8
DOC_108,Neurology,19,18,11,5,26.9,0,1.41,0.08,817.6
DOC_113,General Medicine,20,19,10,3,14.7,0,1.03,0.13,338.6
DOC_113,Dermatology,22,21,10,4,15.7,0,0.92,0.09,357.6
DOC_111,Cardiology,9,8,15,1,17.5,0,1.42,0.06,215.2
DOC_103,Neurology,12,11,10,1,26.0,0,1.31,0.14,439.2
DOC_105,Cardiology,16,15,15,1,21.2,0,0.9,0.14,292.6
DOC_114,Orthopedics,22,21,8,0,22.2,0,1.01,0.19,493.0
DOC_102,Dermatology,15,14,15,3,11.7,1,0.88,0.1,161.1
DOC_102,Pediatrics,14,13,9,3,18.8,2,0.91,0.06,319.4
DOC_103,General Medicine,16,15,8,3,23.0,1,0.94,0.09,332.3
DOC_105,Orthopedics,21,20,15,5,18.8,0,1.47,0.15,557.9
DOC_102,Neurology,10,9,14,5,26.0,0,0.97,0.11,235.7
DOC_101,Pediatrics,10,9,9,5,13.2,0,1.03,0.09,143.4
DOC_102,General Medicine,1,0,11,2,21.2,0,1.47,0.18,0.0
DOC_104,Dermatology,18,17,9,5,8.8,0,1.45,0.13,255.2
DOC_102,Neurology,12,11,9,2,24.0,1,0.99,0.17,329.7
DOC_114,General Medicine,15,14,8,3,18.7,0,0.99,0.13,236.5
DOC_100,Pediatrics,15,14,14,1,16.9,0,0.98,0.1,242.5
DOC_109,Orthopedics,14,13,10,4,20.6,1,1.22,0.09,424.2
DOC_113,Neurology,2,1,9,4,24.2,0,0.94,0.1,27.8
DOC_105,General Medicine,10,9,15,5,17.2,2,1.48,0.08,309.7
DOC_100,Neurology,24,23,11,1,22.3,0,1.03,0.13,617.6
DOC_107,Orthopedics,15,14,9,3,19.7,0,1.2,0.16,381.5
DOC_106,General Medicine,2,1,10,0,12.0,3,1.46,0.05,113.3
DOC_110,General Medicine,6,5,10,5,9.7,0,1.18,0.13,58.1
DOC_109,Cardiology,24,23,9,3,24.4,0,1.1,0.06,744.7
DOC_105,Pediatrics,6,5,15,3,21.7,1,1.01,0.16,130.9
DOC_102,Pediatrics,15,14,10,1,19.1,0,1.28,0.13,400.7
DOC_110,General Medicine,24,23,10,2,18.3,0,1.01,0.12,498.2
DOC_105,Neurology,22,21,9,2,25.1,0,1.49,0.11,922.9
DOC_110,Cardiology,6,5,8,3,16.2,2,0.91,0.16,95.9
DOC_100,General Medicine,1,0,11,2,23.8,0,1.39,0.07,1.7
DOC_112,Dermatology,9,8,12,1,9.1,0,1.12,0.1,79.2
DOC_102,Neurology,21,20,17,1,23.7,1,0.8,0.11,383.7
DOC_100,Dermatology,18,17,9,5,8.0,0,0.9,0.16,142.3
DOC_110,Pediatrics,17,16,12,1,20.8,1,1.46,0.13,486.1
DOC_113,Neurology,5,4,12,5,21.9,0,0.88,0.09,67.8
DOC_106,Dermatology,22,21,9,3,15.1,0,1.46,0.07,557.8
DOC_108,Neurology,4,3,11,2,28.5,0,0.93,0.13,88.6
DOC_113,Neurology,9,8,9,1,30.8,1,1.45,0.14,476.3
DOC_111,General Medicine,20,19,9,5,11.2,1,1.3,0.05,352.9
DOC_114,Orthopedics,19,18,9,1,16.9,0,1.26,0.19,439.2
DOC_106,Pediatrics,24,23,12,0,15.1,1,1.23,0.15,475.8
DOC_103,Neurology,21,20,9,3,19.2,0,0.87,0.12,393.0
DOC_108,Cardiology,10,9,10,0,20.5,2,1.04,0.1,335.9
DOC_105,Orthopedics,8,7,16,4,20.2,0,1.16,0.18,144.9
DOC_112,General Medicine,9,8,10,4,16.9,0,1.07,0.06,176.9
DOC_108,Dermatology,19,18,10,0,8.0,0,1.15,0.19,222.0
DOC_112,Orthopedics,15,14,14,3,19.1,0,1.35,0.14,372.5
DOC_101,Orthopedics,18,17,10,3,10.5,1,1.26,0.16,275.7
DOC_109,General Medicine,2,1,8,1,18.0,1,0.96,0.17,44.0
DOC_106,Pediatrics,10,9,8,2,16.1,0,1.02,0.14,130.2
DOC_109,Orthopedics,23,22,10,0,21.8,2,1.31,0.13,941.8
DOC_100,Pediatrics,12,11,17,3,19.2,0,1.13,0.09,225.2
DOC_108,Pediatrics,12,11,10,3,17.5,0,0.95,0.06,222.9
DOC_100,General Medicine,21,20,11,4,14.8,1,1.33,0.19,476.6
DOC_111,General Medicine,18,17,14,4,16.5,0,0.94,0.15,271.4
DOC_109,Neurology,8,7,11,5,25.0,0,1.07,0.12,220.0
DOC_105,Neurology,18,17,14,2,23.4,0,0.81,0.16,330.9
DOC_106,General Medicine,21,20,12,3,14.4,0,1.15,0.14,312.6
DOC_101,Neurology,15,14,10,1,28.9,0,1.39,0.09,668.9
DOC_111,Neurology,1,0,8,0,20.4,1,1.2,0.08,27.1
DOC_113,Orthopedics,16,15,9,5,15.6,0,1.28,0.09,358.3
DOC_102,Cardiology,9,8,10,0,19.3,0,1.08,0.17,220.2
DOC_107,General Medicine,24,23,12,2,15.6,0,0.88,0.19,287.2
DOC_101,Neurology,12,11,9,3,23.2,2,1.32,0.16,479.2
DOC_113,Cardiology,19,18,16,3,15.2,0,1.09,0.09,293.3
DOC_105,Pediatrics,19,18,15,2,18.7,0,1.02,0.2,343.5
DOC_108,Dermatology,21,20,15,1,11.1,0,0.99,0.06,238.0
DOC_102,Cardiology,20,19,11,0,22.3,1,0.87,0.1,536.6
DOC_100,Dermatology,9,8,8,4,10.3,0,1.33,0.06,108.4
DOC_107,Pediatrics,22,21,10,3,14.5,0,1.1,0.08,400.0
DOC_107,Dermatology,16,15,8,2,11.6,0,1.26,0.15,205.0
DOC_111,Orthopedics,15,14,10,3,23.1,1,1.01,0.05,427.4
DOC_101,Cardiology,12,11,16,0,17.7,0,1.09,0.13,225.5
DOC_103,General Medicine,6,5,11,0,13.4,0,1.06,0.15,92.6
DOC_101,Orthopedics,13,12,14,1,22.6,0,1.14,0.16,305.7
DOC_103,Cardiology,7,6,11,2,15.9,1,1.21,0.18,156.5
DOC_106,Neurology,16,15,15,5,23.3,0,0.82,0.19,285.3
DOC_114,Dermatology,10,9,9,4,13.4,0,1.16,0.12,166.6
DOC_114,Orthopedics,2,1,10,2,14.5,0,1.28,0.12,20.3
DOC_104,Pediatrics,24,23,17,4,17.0,1,1.07,0.1,412.8
DOC_114,Orthopedics,4,3,12,1,16.2,0,1.18,0.09,52.9
DOC_108,General Medicine,7,6,8,2,17.5,2,1.36,0.14,190.4
DOC_109,Pediatrics,19,18,10,2,13.3,0,0.84,0.13,235.6
DOC_112,General Medicine,24,23,17,1,12.7,1,1.11,0.1,318.9
DOC_114,Neurology,6,5,14,4,22.0,0,0.89,0.19,106.4
DOC_104,Dermatology,23,22,14,1,12.0,0,0.97,0.2,259.5
DOC_107,Neurology,20,19,10,0,21.7,0,0.95,0.13,525.5
DOC_110,Dermatology,17,16,14,4,10.3,0,1.46,0.19,238.6
DOC_114,General Medicine,14,13,8,0,13.4,0,1.47,0.17,271.2
DOC_113,Pediatrics,2,1,12,4,13.9,0,1.28,0.19,17.3
DOC_106,Pediatrics,13,12,14,2,12.7,0,0.99,0.09,151.2
DOC_100,Orthopedics,1,0,8,1,19.0,0,0.81,0.12,0.0
DOC_108,Pediatrics,8,7,8,3,12.4,0,1.2,0.17,95.2
DOC_109,Orthopedics,18,17,10,3,18.8,1,1.29,0.2,499.4
DOC_109,Neurology,7,6,9,0,28.0,0,1.32,0.15,292.2
DOC_109,Dermatology,13,12,16,3,12.9,1,1.48,0.14,231.7
DOC_104,Cardiology,14,13,10,2,15.0,0,0.99,0.19,223.5
DOC_101,Orthopedics,22,21,14,3,19.0,0,1.26,0.07,529.4
DOC_113,Dermatology,24,23,11,2,16.7,0,0.82,0.12,364.4
DOC_113,Cardiology,14,13,10,1,28.3,0,0.87,0.16,370.9
DOC_107,Cardiology,7,6,10,4,19.9,0,1.12,0.13,156.9
DOC_108,General Medicine,21,20,11,0,15.7,1,0.85,0.18,371.3
DOC_113,Dermatology,24,23,15,2,8.0,1,1.27,0.17,245.2
DOC_109,Orthopedics,22,21,11,4,15.7,0,1.42,0.11,560.8
DOC_104,Dermatology,8,7,16,3,8.0,0,1.16,0.15,60.9
DOC_107,General Medicine,17,16,8,1,12.7,0,1.11,0.09,217.0
DOC_113,Orthopedics,16,15,12,2,19.6,0,1.47,0.07,418.1
DOC_111,General Medicine,8,7,11,0,16.3,0,1.4,0.08,224.6
DOC_113,Orthopedics,20,19,9,0,18.7,1,1.36,0.16,677.3
DOC_104,General Medicine,11,10,10,1,11.2,0,1.09,0.19,137.4
DOC_114,General Medicine,7,6,12,0,15.1,0,0.93,0.15,89.4
DOC_108,Dermatology,5,4,9,2,15.3,0,1.26,0.16,87.9
DOC_112,Pediatrics,11,10,14,2,17.8,3,1.35,0.19,330.7
DOC_100,Neurology,21,20,10,2,24.5,0,1.45,0.06,858.9
DOC_111,Cardiology,6,5,14,4,22.0,0,1.43,0.1,160.2
DOC_114,Dermatology,10,9,11,0,14.1,0,1.33,0.06,239.7
DOC_102,General Medicine,2,1,12,2,12.4,1,0.89,0.15,19.5
DOC_112,Orthopedics,3,2,10,4,17.1,0,0.95,0.09,38.2
DOC_105,Pediatrics,23,22,9,0,15.8,2,1.07,0.14,550.7
DOC_108,Dermatology,6,5,10,0,11.4,0,1.2,0.19,90.2
DOC_109,Neurology,5,4,10,2,27.1,0,1.15,0.13,151.8
DOC_113,Cardiology,10,9,10,0,26.9,0,0.93,0.1,304.7
DOC_100,Neurology,14,13,11,4,28.1,0,1.1,0.13,470.6
DOC_105,Orthopedics,15,14,12,4,22.3,0,1.18,0.08,357.6
DOC_105,General Medicine,17,16,9,5,10.9,0,1.42,0.12,299.5
DOC_106,General Medicine,22,21,11,4,18.1,0,1.04,0.19,445.0
DOC_101,Cardiology,3,2,10,1,23.7,0,0.93,0.17,56.5
DOC_114,Orthopedics,6,5,14,3,16.2,0,0.92,0.06,77.6
DOC_107,Cardiology,12,11,11,2,21.3,0,1.48,0.15,400.7
DOC_111,Pediatrics,4,3,9,1,18.2,1,1.01,0.13,94.0
DOC_102,Pediatrics,4,3,9,5,16.1,0,1.03,0.1,63.1
DOC_112,Orthopedics,5,4,11,3,14.5,0,1.31,0.15,93.0
DOC_100,General Medicine,22,21,10,5,19.9,0,1.33,0.07,670.3
DOC_105,Neurology,4,3,15,3,25.5,1,1.18,0.12,130.0
DOC_110,Neurology,21,20,17,0,29.3,2,0.81,0.09,588.3
DOC_109,Cardiology,9,8,15,2,17.8,0,1.27,0.16,186.9
DOC_103,General Medicine,17,16,10,0,13.9,0,1.41,0.08,433.4
DOC_104,Dermatology,21,20,8,0,10.9,3,1.22,0.2,330.7
DOC_108,Neurology,4,3,10,3,29.8,0,1.24,0.11,130.0
DOC_100,Pediatrics,3,2,8,3,19.1,0,1.34,0.16,46.9
DOC_112,Cardiology,14,13,12,3,21.1,0,1.08,0.16,272.7
DOC_113,Pediatrics,11,10,9,2,14.1,0,0.97,0.12,164.1
DOC_100,General Medicine,3,2,12,0,14.9,0,1.28,0.15,41.6
DOC_105,Neurology,5,4,15,0,27.3,3,1.46,0.09,360.3
DOC_107,Neurology,15,14,16,5,26.4,0,1.33,0.06,475.1
DOC_109,General Medicine,12,11,8,1,13.6,0,1.38,0.17,194.3
DOC_107,Dermatology,2,1,15,0,12.6,0,1.38,0.12,20.3
DOC_103,Cardiology,11,10,15,4,17.4,1,1.01,0.13,205.4
DOC_105,General Medicine,1,0,12,5,13.6,0,1.14,0.17,0.0
DOC_108,Cardiology,1,0,9,1,20.8,1,1.18,0.1,38.1
DOC_112,Cardiology,22,21,9,1,22.4,0,0.85,0.08,477.2
DOC_100,General Medicine,21,20,9,5,18.1,0,1.1,0.12,470.4
DOC_112,General Medicine,22,21,9,0,15.3,0,1.37,0.13,592.0
DOC_101,Neurology,20,19,15,4,26.3,0,0.82,0.14,419.8
DOC_103,Orthopedics,23,22,9,2,16.6,0,1.32,0.12,569.6
DOC_100,Orthopedics,1,0,8,1,18.3,1,0.93,0.2,21.3
DOC_110,Orthopedics,10,9,9,1,21.0,0,1.39,0.15,307.9
DOC_101,Neurology,18,17,10,4,23.1,0,0.83,0.17,375.6
DOC_100,Dermatology,21,20,14,5,14.6,2,0.81,0.08,276.8
DOC_105,Neurology,19,18,12,3,23.0,0,0.93,0.15,355.2
DOC_107,General Medicine,9,8,16,0,15.8,0,1.06,0.1,145.4
DOC_102,Dermatology,3,2,9,4,12.2,3,0.97,0.15,86.5
DOC_100,Cardiology,12,11,11,4,20.6,0,0.89,0.06,247.6
DOC_113,Dermatology,21,20,12,2,12.7,0,0.86,0.17,196.8
DOC_102,Pediatrics,15,14,12,5,11.8,0,0.93,0.05,150.4
DOC_112,Orthopedics,8,7,17,5,13.9,0,1.04,0.14,93.9
DOC_108,Pediatrics,11,10,12,0,14.2,1,1.42,0.09,243.8
DOC_113,Pediatrics,16,15,15,2,11.7,2,1.42,0.08,299.3
DOC_105,Orthopedics,21,20,10,4,17.8,0,1.32,0.17,538.5
DOC_105,Pediatrics,5,4,11,5,16.1,1,1.27,0.06,132.1
DOC_111,Neurology,13,12,15,4,30.8,0,0.95,0.06,375.2
DOC_101,Pediatrics,5,4,10,4,15.4,1,0.87,0.09,82.0
DOC_104,Neurology,2,1,8,0,21.3,0,1.27,0.19,25.8
DOC_103,Pediatrics,8,7,15,2,13.5,3,1.03,0.18,150.3
DOC_105,Cardiology,4,3,9,0,19.5,0,1.44,0.19,107.5
DOC_104,Neurology,12,11,9,4,22.2,0,1.16,0.14,333.2
DOC_111,Neurology,21,20,17,5,28.2,0,1.34,0.07,732.7
DOC_101,Cardiology,9,8,15,5,21.6,0,1.13,0.18,194.2
DOC_101,Orthopedics,6,5,9,2,25.3,0,0.89,0.16,131.6
DOC_114,Dermatology,22,21,11,5,10.3,0,1.12,0.18,270.3
DOC_114,Pediatrics,2,1,10,2,14.4,1,1.34,0.11,55.0
DOC_113,Dermatology,15,14,10,5,13.1,0,0.92,0.07,205.9
DOC_110,Pediatrics,14,13,11,1,13.5,3,1.42,0.06,383.0
DOC_113,Pediatrics,8,7,14,3,15.9,0,1.26,0.08,152.0
DOC_110,General Medicine,8,7,9,3,11.2,1,0.81,0.09,87.6
DOC_114,Neurology,16,15,10,5,25.2,0,1.39,0.08,632.2
DOC_103,General Medicine,13,12,15,4,17.4,0,0.84,0.17,170.6
DOC_110,General Medicine,13,12,10,3,13.1,0,0.99,0.11,185.8
DOC_110,Dermatology,2,1,10,5,13.5,1,1.03,0.18,43.4
DOC_109,General Medicine,16,15,11,5,15.6,0,1.43,0.16,389.3
DOC_113,Orthopedics,24,23,10,0,14.9,1,1.03,0.13,502.2
DOC_105,Pediatrics,16,15,15,2,11.5,0,1.15,0.18,199.0
DOC_103,General Medicine,16,15,8,1,13.4,1,0.88,0.11,182.4
DOC_110,Pediatrics,10,9,14,2,11.5,0,1.27,0.17,136.1
DOC_106,Orthopedics,12,11,12,4,17.0,0,0.89,0.11,153.4
DOC_101,Neurology,6,5,10,0,25.1,0,1.18,0.12,199.1
DOC_109,Dermatology,13,12,11,4,11.6,0,1.49,0.12,241.6
DOC_100,Orthopedics,16,15,10,1,16.4,0,1.44,0.18,399.2
DOC_113,Cardiology,18,17,16,4,22.3,0,1.27,0.13,450.3
DOC_113,General Medicine,17,16,10,4,14.0,2,0.97,0.18,289.4
DOC_114,General Medicine,9,8,9,0,15.9,1,1.01,0.07,208.7
DOC_113,General Medicine,23,22,9,0,19.5,1,0.81,0.11,500.7
DOC_104,Orthopedics,16,15,14,1,16.2,0,1.4,0.18,333.2
DOC_109,Dermatology,2,1,8,2,13.5,2,1.47,0.2,66.0
DOC_104,Cardiology,2,1,14,5,17.1,1,1.17,0.13,44.8
DOC_108,Orthopedics,20,19,12,2,23.3,0,0.96,0.2,381.2
DOC_106,Pediatrics,5,4,9,5,9.7,3,0.98,0.12,87.4
DOC_102,Pediatrics,18,17,8,3,14.2,0,1.38,0.17,306.7
DOC_104,Neurology,24,23,11,5,23.5,0,1.36,0.12,865.7
DOC_101,General Medicine,13,12,14,5,14.1,0,1.33,0.08,242.2
DOC_102,Cardiology,5,4,14,5,16.2,1,1.02,0.08,93.3
DOC_110,Orthopedics,21,20,9,5,21.0,0,1.25,0.08,633.7
DOC_106,Cardiology,8,7,11,4,19.0,0,1.31,0.06,212.8
DOC_101,Cardiology,23,22,9,4,17.0,0,0.88,0.18,373.6
DOC_107,Orthopedics,10,9,12,0,17.0,1,0.94,0.14,179.2
DOC_108,Pediatrics,12,11,16,0,14.5,0,0.85,0.12,149.9
DOC_102,Neurology,18,17,11,5,25.2,0,0.85,0.1,429.8
DOC_100,Orthopedics,2,1,10,3,17.4,0,1.19,0.07,25.2
DOC_109,Pediatrics,15,14,9,0,10.3,0,1.32,0.13,261.2
DOC_107,Neurology,21,20,8,1,28.0,0,0.89,0.11,481.7
DOC_105,General Medicine,2,1,16,2,23.7,2,1.34,0.18,102.4
DOC_102,Dermatology,1,0,16,5,9.7,1,1.44,0.13,13.6
DOC_104,Pediatrics,4,3,14,4,9.8,1,1.03,0.07,38.9
DOC_105,Neurology,12,11,14,2,21.6,0,1.07,0.17,258.6
DOC_106,Orthopedics,21,20,9,0,15.2,0,0.91,0.06,379.6
DOC_101,Pediatrics,6,5,9,5,10.7,0,1.04,0.2,63.3
DOC_110,Dermatology,11,10,14,0,11.1,0,1.13,0.13,153.8
DOC_100,Neurology,6,5,9,3,25.2,1,1.08,0.07,203.3
DOC_105,General Medicine,3,2,9,5,19.9,0,0.94,0.06,44.0
DOC_102,Dermatology,4,3,8,2,11.9,1,1.24,0.19,58.2
DOC_113,General Medicine,1,0,10,5,15.3,0,0.96,0.19,0.0
DOC_104,General Medicine,10,9,11,2,18.5,0,0.86,0.06,176.8
DOC_108,Orthopedics,7,6,11,3,19.8,1,1.12,0.14,183.2
DOC_111,General Medicine,2,1,10,0,18.3,0,1.05,0.14,25.2
DOC_111,Pediatrics,1,0,12,0,16.9,0,1.06,0.13,2.6
DOC_104,Dermatology,24,23,15,0,10.2,0,1.27,0.12,354.4
DOC_107,Dermatology,18,17,11,3,11.0,0,1.22,0.1,269.2
DOC_107,Orthopedics,21,20,11,2,18.7,0,1.19,0.15,512.5
DOC_105,Orthopedics,3,2,11,3,19.2,0,1.19,0.12,52.2
DOC_105,Pediatrics,2,1,9,3,8.0,0,1.4,0.07,8.5
DOC_108,Neurology,11,10,11,5,24.0,0,0.96,0.15,262.2
DOC_109,Orthopedics,23,22,11,5,20.0,2,0.82,0.17,456.6
DOC_112,Neurology,2,1,9,0,27.4,2,0.86,0.15,107.2
DOC_100,General Medicine,9,8,15,0,13.0,0,1.32,0.12,162.5
DOC_113,Cardiology,21,20,10,5,15.7,0,1.11,0.12,402.7
DOC_101,Orthopedics,6,5,10,3,19.1,0,1.36,0.17,144.0
DOC_109,Pediatrics,15,14,11,0,11.4,0,1.34,0.13,284.0
DOC_108,Cardiology,18,17,9,2,17.6,3,0.85,0.09,374.4
DOC_105,General Medicine,24,23,15,3,15.9,0,0.86,0.05,338.0
DOC_101,Orthopedics,13,12,12,4,17.8,0,1.18,0.07,238.4
DOC_110,Dermatology,24,23,10,3,19.6,0,1.38,0.15,725.3
DOC_108,Cardiology,19,18,10,2,23.1,0,1.44,0.12,701.9
DOC_103,Pediatrics,6,5,11,5,14.4,0,0.85,0.17,73.2
DOC_100,Orthopedics,1,0,12,5,13.8,2,1.35,0.08,43.1
DOC_108,Pediatrics,20,19,11,1,19.2,2,1.02,0.07,509.2
DOC_113,Neurology,6,5,8,2,27.5,2,1.44,0.08,283.5
DOC_107,Neurology,4,3,10,1,21.9,0,1.23,0.11,96.8
DOC_110,Orthopedics,1,0,10,0,15.4,3,1.04,0.17,79.7
DOC_103,Cardiology,20,19,12,3,16.7,0,1.24,0.11,376.0
DOC_108,Dermatology,9,8,9,3,10.3,0,1.45,0.18,131.3
DOC_101,General Medicine,11,10,9,3,10.9,1,0.82,0.08,120.8
DOC_107,Orthopedics,4,3,10,3,22.2,1,0.96,0.13,106.8
DOC_106,Neurology,17,16,9,0,22.9,0,1.03,0.16,499.0
DOC_108,General Medicine,6,5,8,3,15.6,0,1.3,0.18,90.7
DOC_106,Pediatrics,1,0,8,5,16.8,0,1.44,0.11,0.0
DOC_105,Neurology,10,9,11,3,27.1,0,1.27,0.14,360.7
DOC_100,Orthopedics,9,8,9,2,17.7,0,1.28,0.12,212.9
DOC_114,Cardiology,18,17,15,3,15.8,0,1.3,0.19,341.1
DOC_114,Cardiology,12,11,8,4,20.5,0,1.17,0.1,252.3
DOC_107,Pediatrics,10,9,14,4,9.7,0,0.95,0.07,89.6
DOC_101,Orthopedics,1,0,10,1,19.8,0,1.17,0.1,4.0
DOC_106,Cardiology,8,7,9,2,20.2,0,1.08,0.12,177.3
DOC_101,Pediatrics,13,12,8,3,16.6,0,1.23,0.06,242.0
DOC_103,Pediatrics,3,2,15,4,17.4,1,1.11,0.06,60.4
DOC_110,Dermatology,14,13,11,3,17.7,1,0.82,0.1,243.9
DOC_110,General Medicine,1,0,9,1,23.3,1,0.82,0.15,26.5
DOC_103,Dermatology,23,22,15,0,13.2,1,1.25,0.18,440.4
DOC_101,Cardiology,20,19,11,1,22.1,0,0.85,0.13,418.9
DOC_101,Orthopedics,13,12,9,1,19.0,0,1.07,0.06,301.7
DOC_105,Pediatrics,8,7,12,0,16.4,1,1.05,0.16,143.3
DOC_113,General Medicine,13,12,8,0,13.9,0,0.85,0.14,156.1
DOC_113,Pediatrics,12,11,10,5,19.2,1,1.41,0.07,393.6
DOC_106,Cardiology,17,16,8,1,19.0,0,1.12,0.14,317.0
DOC_108,Cardiology,4,3,9,1,20.4,1,1.17,0.13,122.2
DOC_114,Dermatology,11,10,9,5,11.3,0,1.18,0.19,155.9
DOC_107,Neurology,14,13,8,3,28.0,0,1.06,0.19,345.4
DOC_105,Pediatrics,23,22,10,2,13.0,2,1.1,0.17,399.1
DOC_110,General Medicine,7,6,15,4,18.1,0,1.15,0.08,128.8
DOC_108,Neurology,3,2,10,2,22.1,1,1.31,0.06,112.6
DOC_107,General Medicine,24,23,11,2,20.9,0,1.36,0.16,749.4
DOC_109,Cardiology,13,12,9,3,16.1,0,1.12,0.06,260.8
DOC_109,Dermatology,15,14,12,1,15.4,0,0.89,0.09,188.9
DOC_101,Orthopedics,10,9,9,4,16.2,0,1.18,0.16,194.0
DOC_101,General Medicine,21,20,14,0,16.7,0,1.05,0.18,410.3
DOC_100,Dermatology,10,9,10,0,17.5,0,1.39,0.17,289.4
DOC_104,Orthopedics,11,10,10,2,12.1,1,0.88,0.11,139.6
DOC_108,Neurology,4,3,12,2,23.9,1,1.33,0.12,125.9
DOC_103,Cardiology,17,16,16,0,18.9,1,0.94,0.07,334.3
DOC_102,Cardiology,15,14,9,5,22.3,0,1.08,0.2,376.8
DOC_112,Cardiology,3,2,11,1,15.6,0,1.41,0.13,48.2
DOC_101,Cardiology,19,18,10,0,18.3,0,1.37,0.19,587.6
DOC_107,Orthopedics,10,9,10,2,14.8,0,0.91,0.2,133.0
DOC_106,General Medicine,17,16,12,3,15.9,0,1.0,0.14,235.9
DOC_107,Pediatrics,9,8,11,2,17.6,0,1.09,0.05,192.2
DOC_105,Pediatrics,19,18,9,2,9.2,0,0.85,0.19,153.7
DOC_104,Dermatology,2,1,12,5,9.9,0,1.34,0.06,17.4
DOC_114,Orthopedics,17,16,11,5,17.9,0,1.33,0.17,433.4
DOC_107,Orthopedics,5,4,9,1,25.3,1,1.46,0.1,226.4
DOC_113,Pediatrics,15,14,11,4,20.5,0,1.39,0.11,472.5
DOC_114,Cardiology,8,7,10,5,23.9,0,1.49,0.15,287.6
DOC_110,Orthopedics,17,16,10,0,19.0,0,0.9,0.08,379.9
DOC_110,Dermatology,20,19,8,1,14.8,0,0.96,0.18,253.2
DOC_107,Cardiology,7,6,8,4,19.3,0,1.28,0.09,140.4
DOC_108,Orthopedics,7,6,14,1,15.4,0,1.42,0.13,141.8
DOC_108,Dermatology,3,2,12,1,12.5,1,0.89,0.07,35.7
DOC_112,Cardiology,11,10,10,5,21.5,0,1.47,0.08,373.4
DOC_105,Orthopedics,13,12,11,3,22.7,1,1.31,0.16,455.1
DOC_105,Cardiology,5,4,14,3,21.1,0,1.19,0.09,110.3
DOC_112,Dermatology,1,0,9,4,9.2,1,1.24,0.1,20.1
DOC_106,General Medicine,12,11,10,0,14.4,0,1.31,0.17,267.7
DOC_100,Dermatology,2,1,10,0,8.2,2,0.96,0.09,36.1
DOC_104,Cardiology,19,18,16,2,18.7,3,1.21,0.09,466.9
DOC_103,Dermatology,14,13,12,2,8.1,1,1.03,0.11,108.0
DOC_103,Pediatrics,20,19,8,0,18.8,0,1.0,0.09,387.2
DOC_113,Cardiology,14,13,9,4,12.0,0,1.15,0.18,203.3
DOC_104,General Medicine,18,17,9,3,12.9,0,0.85,0.1,216.0
DOC_109,Pediatrics,17,16,12,0,12.4,0,1.47,0.12,312.7
DOC_104,Dermatology,3,2,8,4,14.8,0,1.23,0.06,29.1
DOC_102,Dermatology,5,4,10,0,15.8,1,1.03,0.11,107.7
DOC_110,Dermatology,17,16,10,0,8.5,3,1.07,0.13,240.6
DOC_101,Orthopedics,21,20,11,1,20.6,0,0.95,0.07,476.0
DOC_105,Neurology,3,2,14,5,23.7,0,0.86,0.2,37.9
DOC_108,Pediatrics,2,1,9,4,13.3,0,1.34,0.09,27.1
DOC_101,Orthopedics,16,15,8,5,13.7,0,1.29,0.18,243.1
DOC_105,General Medicine,17,16,12,4,13.9,0,1.47,0.16,302.1
DOC_114,Neurology,3,2,8,4,25.7,2,1.2,0.19,132.6
DOC_106,Orthopedics,7,6,15,0,20.9,2,0.96,0.16,199.1
DOC_104,General Medicine,1,0,11,0,13.1,0,1.49,0.08,3.7
DOC_108,General Medicine,13,12,16,1,16.2,0,0.88,0.12,164.7
DOC_108,Orthopedics,6,5,9,4,23.7,0,1.47,0.06,211.4
DOC_107,Dermatology,16,15,17,1,12.9,0,1.07,0.07,205.4
DOC_108,General Medicine,19,18,9,3,19.1,1,1.5,0.17,626.2
DOC_108,Pediatrics,19,18,8,3,16.9,3,1.1,0.05,392.1
DOC_100,Cardiology,2,1,8,5,25.4,0,1.23,0.1,22.9
DOC_114,Orthopedics,11,10,15,2,18.6,0,1.25,0.11,239.1
DOC_104,Pediatrics,14,13,15,4,12.3,1,1.39,0.14,247.9
DOC_112,Neurology,10,9,14,5,26.4,0,1.08,0.18,257.4
DOC_102,Cardiology,20,19,11,3,12.6,0,0.88,0.14,244.4
DOC_100,General Medicine,14,13,14,2,12.6,1,1.29,0.13,244.4
DOC_102,Dermatology,20,19,15,3,10.7,2,0.97,0.1,239.7
DOC_111,Cardiology,20,19,11,3,16.7,0,1.18,0.16,433.2
DOC_109,Pediatrics,17,16,15,4,16.3,0,0.88,0.15,230.1
DOC_114,Pediatrics,3,2,16,5,10.9,1,1.48,0.07,48.9
DOC_110,Neurology,19,18,8,4,22.6,0,0.94,0.13,359.2
DOC_103,Dermatology,9,8,12,4,8.1,3,1.11,0.15,91.0
DOC_112,General Medicine,13,12,17,5,17.8,1,1.4,0.2,299.2
DOC_100,Cardiology,12,11,14,3,19.5,0,1.28,0.1,282.3
DOC_107,Pediatrics,11,10,8,5,18.5,2,1.24,0.2,264.0
DOC_102,Cardiology,1,0,10,2,19.3,1,1.34,0.08,37.6
DOC_105,Dermatology,20,19,10,0,11.5,2,0.87,0.12,291.1
DOC_107,Dermatology,16,15,14,5,12.3,2,1.29,0.14,282.0
DOC_100,Cardiology,13,12,16,1,19.2,0,1.13,0.19,231.2
DOC_111,Pediatrics,6,5,10,5,15.3,0,0.92,0.16,82.4
DOC_103,Pediatrics,22,21,10,3,18.4,0,1.4,0.1,644.7
DOC_109,Dermatology,17,16,9,0,8.0,0,0.81,0.1,135.8
DOC_107,Orthopedics,23,22,14,3,15.5,0,1.22,0.11,436.3
DOC_102,Neurology,5,4,10,5,22.9,0,1.2,0.19,124.7
DOC_114,Neurology,5,4,11,5,24.0,0,1.0,0.17,110.5
DOC_104,General Medicine,22,21,17,1,20.4,1,1.3,0.07,572.0
DOC_101,Pediatrics,12,11,9,0,17.6,0,0.98,0.15,254.9
DOC_108,Pediatrics,20,19,8,0,18.4,0,1.21,0.09,460.9
DOC_106,Pediatrics,19,18,9,5,20.4,0,1.03,0.06,454.4
DOC_108,Pediatrics,4,3,14,1,13.3,0,1.35,0.12,57.6
DOC_113,Neurology,4,3,16,0,26.5,0,1.01,0.18,77.8
DOC_104,Neurology,18,17,11,1,20.0,1,0.92,0.05,404.7
DOC_100,Pediatrics,3,2,16,5,15.3,3,0.84,0.14,75.6
DOC_101,Neurology,12,11,10,1,26.6,0,1.07,0.15,363.7
DOC_101,Neurology,1,0,10,1,21.7,0,0.82,0.16,0.0
DOC_108,General Medicine,12,11,11,2,13.8,0,1.31,0.13,227.1
DOC_110,Dermatology,6,5,9,5,15.9,0,0.92,0.11,81.6
DOC_105,Dermatology,23,22,16,5,13.5,1,0.81,0.1,240.2
DOC_107,Orthopedics,13,12,9,0,18.3,2,1.03,0.15,366.9
DOC_109,Pediatrics,5,4,12,2,16.0,1,1.08,0.16,88.6
DOC_114,Neurology,22,21,11,0,17.1,0,0.84,0.13,405.4
DOC_100,Dermatology,18,17,14,3,16.1,0,1.17,0.19,317.2
DOC_105,Dermatology,20,19,8,1,9.2,0,1.28,0.06,222.6
DOC_112,Dermatology,19,18,10,5,8.3,0,1.23,0.13,214.1
DOC_104,Orthopedics,3,2,9,4,15.6,1,0.92,0.15,56.7
DOC_113,Orthopedics,15,14,14,5,18.7,0,1.2,0.09,333.5
DOC_107,Neurology,3,2,11,2,23.6,0,1.18,0.11,67.4
DOC_102,Neurology,10,9,10,2,24.8,2,1.16,0.2,372.1
DOC_110,General Medicine,24,23,10,0,16.5,2,1.26,0.15,705.0
DOC_107,Neurology,11,10,14,4,18.1,0,0.97,0.11,182.1
DOC_103,Orthopedics,7,6,11,5,14.5,0,1.24,0.12,124.6
DOC_102,Neurology,8,7,14,1,26.6,0,0.83,0.1,156.0
DOC_103,Dermatology,12,11,11,5,18.2,0,1.47,0.16,341.4
DOC_104,Cardiology,17,16,11,5,17.3,0,1.07,0.14,342.6
DOC_106,Dermatology,24,23,11,5,11.9,0,1.17,0.18,362.7
DOC_106,General Medicine,7,6,10,0,15.8,0,1.44,0.16,173.5
DOC_109,Cardiology,2,1,8,2,20.0,0,0.8,0.12,14.6
DOC_100,Neurology,22,21,17,1,26.0,3,1.31,0.19,765.5
DOC_109,Neurology,11,10,14,0,23.4,0,1.17,0.09,329.2
DOC_114,Pediatrics,2,1,15,3,16.5,0,1.4,0.14,18.9
DOC_104,Orthopedics,3,2,8,2,18.9,3,1.29,0.09,138.2
DOC_100,Neurology,16,15,9,0,25.3,0,1.5,0.08,785.7
DOC_106,Neurology,12,11,8,5,17.7,0,0.95,0.14,168.9
DOC_109,Orthopedics,13,12,9,2,18.3,2,1.14,0.14,353.1
DOC_108,Cardiology,12,11,9,0,18.7,0,0.82,0.19,222.0
DOC_103,Dermatology,4,3,10,2,10.6,0,1.0,0.18,37.5
DOC_109,Cardiology,12,11,9,4,21.3,0,1.42,0.19,376.4
DOC_114,General Medicine,8,7,11,1,22.5,0,1.12,0.13,206.3
DOC_114,Orthopedics,19,18,12,2,19.9,0,1.23,0.11,418.1
DOC_109,Neurology,18,17,17,3,28.1,0,1.1,0.14,494.0
DOC_101,Pediatrics,4,3,12,3,16.1,1,0.86,0.11,53.9
DOC_112,Orthopedics,14,13,11,1,19.5,0,0.89,0.09,271.9
DOC_102,Orthopedics,2,1,15,0,21.8,0,0.94,0.12,28.3
DOC_102,General Medicine,10,9,16,3,16.4,0,1.15,0.08,158.4
DOC_114,Orthopedics,3,2,16,2,20.6,0,0.96,0.09,37.7
DOC_110,Neurology,5,4,14,5,21.3,0,1.35,0.13,116.0
DOC_111,Dermatology,5,4,9,4,14.9,0,1.38,0.13,97.4
DOC_101,Orthopedics,19,18,9,1,16.2,0,0.91,0.09,319.4
DOC_101,General Medicine,6,5,16,5,14.5,0,1.05,0.16,76.2
DOC_101,Dermatology,21,20,11,1,14.0,0,1.3,0.06,445.0
DOC_111,Pediatrics,14,13,10,2,14.4,0,1.29,0.08,286.7
DOC_101,Dermatology,9,8,11,0,14.3,2,1.21,0.06,244.7
DOC_112,Pediatrics,7,6,9,3,15.6,0,1.15,0.14,122.2
DOC_100,Cardiology,9,8,16,3,19.5,0,0.92,0.13,141.8
DOC_105,Orthopedics,5,4,11,0,21.8,0,1.03,0.06,125.5
DOC_102,Neurology,12,11,9,5,22.4,2,1.1,0.06,398.8
DOC_111,Pediatrics,15,14,8,5,15.4,1,1.41,0.08,313.5
DOC_102,Dermatology,2,1,14,4,11.4,1,1.38,0.16,36.1
DOC_113,Neurology,8,7,15,0,28.0,0,1.43,0.05,347.8
DOC_107,Cardiology,7,6,12,0,19.1,1,1.04,0.07,162.7
DOC_108,Neurology,24,23,14,2,27.7,0,1.19,0.06,808.1
DOC_106,Dermatology,15,14,9,3,19.0,3,1.33,0.14,521.7
DOC_100,Orthopedics,23,22,11,1,15.2,2,1.04,0.17,439.8
DOC_109,Neurology,8,7,8,0,28.6,0,1.39,0.08,301.8
DOC_112,Orthopedics,17,16,16,4,11.8,1,0.86,0.17,157.7
DOC_112,Dermatology,11,10,8,4,12.1,2,1.38,0.15,190.9
DOC_109,Pediatrics,12,11,12,1,13.4,0,0.84,0.17,119.0
DOC_101,Orthopedics,23,22,9,3,15.3,0,0.94,0.12,370.0
DOC_101,Orthopedics,10,9,9,2,19.9,0,1.37,0.14,285.0
DOC_112,General Medicine,4,3,12,3,18.8,3,1.13,0.07,136.8
DOC_106,Neurology,7,6,10,1,29.1,1,1.28,0.13,316.7
DOC_105,Dermatology,21,20,8,5,11.5,0,1.46,0.07,329.9
DOC_110,Cardiology,19,18,10,1,21.1,0,0.91,0.08,413.9
DOC_113,General Medicine,17,16,9,0,16.8,0,1.18,0.06,441.1
DOC_111,Dermatology,16,15,14,2,13.1,0,1.42,0.12,288.9
DOC_106,Dermatology,21,20,15,1,11.5,1,1.45,0.17,360.5
DOC_100,Dermatology,15,14,10,3,18.9,1,1.41,0.11,479.8
DOC_105,Cardiology,6,5,14,1,17.9,1,1.36,0.15,156.7
DOC_109,Pediatrics,11,10,14,0,13.5,1,0.87,0.07,163.5
DOC_110,General Medicine,7,6,9,4,15.9,0,1.29,0.08,156.8
DOC_100,Neurology,18,17,11,5,22.5,0,0.82,0.13,363.2
DOC_101,General Medicine,8,7,11,4,17.3,0,1.27,0.18,174.8
DOC_109,Orthopedics,14,13,9,4,18.1,0,1.19,0.14,324.9
DOC_108,Orthopedics,5,4,15,2,13.5,1,1.44,0.12,106.4
DOC_108,Pediatrics,4,3,9,3,19.3,1,0.83,0.19,78.6
DOC_102,Dermatology,23,22,11,0,12.8,0,1.03,0.06,398.0
DOC_100,Cardiology,11,10,9,3,21.1,0,0.83,0.06,215.9
DOC_101,Neurology,11,10,12,3,18.2,0,0.91,0.09,157.8
DOC_114,Orthopedics,6,5,17,3,19.0,0,1.2,0.07,108.2
DOC_110,Orthopedics,5,4,9,5,21.8,0,0.95,0.19,92.4
DOC_103,Neurology,21,20,14,2,24.7,2,0.88,0.12,503.8
DOC_111,Orthopedics,6,5,8,5,15.3,0,1.12,0.2,79.8
DOC_101,Orthopedics,15,14,14,5,20.9,0,1.18,0.15,349.6
DOC_102,Pediatrics,3,2,15,2,15.0,0,1.47,0.11,46.0
DOC_105,General Medicine,19,18,10,1,18.1,0,1.14,0.08,447.7
DOC_105,Dermatology,22,21,9,2,11.4,0,0.93,0.16,257.5
DOC_110,Dermatology,16,15,9,1,8.5,0,1.42,0.18,205.4
DOC_112,Dermatology,12,11,8,0,12.5,0,1.13,0.16,160.1
DOC_109,Cardiology,12,11,8,2,18.2,0,0.8,0.18,147.2
DOC_113,Pediatrics,12,11,11,5,12.6,0,1.48,0.07,244.4
DOC_106,Neurology,5,4,10,4,25.4,1,1.33,0.17,208.1
DOC_102,General Medicine,11,10,11,1,13.6,0,1.17,0.1,184.2
DOC_113,Pediatrics,7,6,14,2,12.4,1,0.96,0.12,91.9
DOC_105,Neurology,11,10,9,0,25.3,2,1.37,0.16,565.6
DOC_100,Dermatology,18,17,15,2,18.5,0,1.19,0.1,391.1
DOC_107,Orthopedics,2,1,9,5,18.9,0,0.93,0.19,23.9
DOC_108,Pediatrics,12,11,9,3,13.8,0,1.15,0.14,208.5
DOC_110,Neurology,18,17,9,3,27.6,0,1.23,0.18,651.1
DOC_109,Cardiology,13,12,11,1,19.0,0,1.38,0.06,378.3
DOC_102,Neurology,7,6,16,3,26.9,0,1.16,0.16,166.5
DOC_108,Pediatrics,3,2,9,4,17.5,0,1.23,0.05,53.3
DOC_107,Neurology,24,23,11,2,25.7,0,1.31,0.14,905.0
DOC_104,Dermatology,5,4,9,1,14.7,0,1.3,0.14,85.9
DOC_105,General Medicine,5,4,12,3,17.0,0,1.2,0.12,73.1
DOC_109,Neurology,20,19,9,0,25.5,0,1.42,0.17,900.3
DOC_110,Cardiology,17,16,14,3,14.0,0,0.91,0.05,218.1
DOC_104,Pediatrics,4,3,12,5,12.9,0,1.04,0.07,34.2
DOC_112,Neurology,23,22,14,5,22.4,0,0.9,0.16,447.4
DOC_102,Dermatology,17,16,9,0,10.3,0,0.83,0.12,186.7
DOC_102,General Medicine,17,16,12,3,11.5,3,1.29,0.16,269.4
DOC_110,Pediatrics,3,2,15,3,17.3,0,0.97,0.1,37.6
DOC_109,Orthopedics,23,22,17,5,18.2,0,0.9,0.06,352.4
DOC_111,Orthopedics,6,5,9,0,15.3,1,0.85,0.16,111.5
DOC_106,Pediatrics,11,10,9,5,17.1,0,1.22,0.12,243.7
DOC_107,Cardiology,9,8,11,1,21.9,1,1.28,0.12,304.9
DOC_106,Cardiology,23,22,11,0,12.5,2,1.07,0.06,457.6
DOC_113,Pediatrics,16,15,9,3,13.8,1,1.06,0.19,267.4
DOC_114,Orthopedics,16,15,10,0,17.1,0,0.94,0.1,327.0
DOC_113,Dermatology,3,2,15,3,15.6,0,1.03,0.2,29.0
DOC_101,Dermatology,8,7,10,1,15.9,0,1.45,0.06,194.6
DOC_102,Neurology,23,22,11,5,26.1,1,1.42,0.18,985.2
DOC_113,Cardiology,24,23,11,3,24.8,0,1.4,0.07,966.6
DOC_107,General Medicine,21,20,16,4,15.3,0,0.84,0.07,245.3
DOC_113,Dermatology,20,19,15,3,11.4,0,1.31,0.19,282.8
DOC_104,Pediatrics,17,16,12,5,17.0,2,1.43,0.07,434.5
DOC_100,Orthopedics,16,15,11,5,17.6,3,1.12,0.16,426.7
DOC_100,General Medicine,5,4,10,1,18.5,0,1.07,0.12,93.0
DOC_104,Dermatology,20,19,12,0,12.5,1,1.46,0.13,401.4
DOC_103,Dermatology,18,17,15,3,12.5,0,1.23,0.07,278.3
DOC_109,Dermatology,18,17,8,5,9.3,0,0.96,0.18,137.7
DOC_104,Neurology,7,6,11,2,27.9,2,1.41,0.09,395.9
DOC_111,General Medicine,1,0,14,1,22.7,0,1.37,0.17,0.0
DOC_109,Orthopedics,18,17,14,0,15.5,0,0.85,0.12,267.6
DOC_111,Orthopedics,8,7,14,0,16.2,0,1.3,0.11,176.0
DOC_105,Neurology,16,15,14,4,26.8,0,1.46,0.2,581.4
DOC_106,Orthopedics,23,22,12,4,24.5,0,1.12,0.14,559.8
DOC_108,General Medicine,19,18,8,1,11.7,0,1.4,0.08,283.2
DOC_104,Orthopedics,21,20,16,3,16.6,0,1.41,0.05,454.1
DOC_113,Orthopedics,6,5,15,0,14.9,0,1.49,0.06,133.5
DOC_103,Dermatology,21,20,11,0,11.2,0,1.33,0.15,397.2
DOC_109,General Medicine,20,19,11,3,16.6,0,1.41,0.08,537.5
DOC_110,General Medicine,13,12,14,1,14.9,2,1.47,0.15,324.8
DOC_100,General Medicine,16,15,10,4,14.4,1,1.37,0.14,371.8
DOC_106,Neurology,8,7,14,0,26.7,0,1.08,0.19,235.2
DOC_110,Orthopedics,3,2,11,5,19.3,0,1.01,0.17,42.3
DOC_114,Orthopedics,16,15,10,1,16.7,0,0.89,0.1,263.9
DOC_104,Dermatology,11,10,12,0,13.2,0,0.85,0.16,122.1
DOC_108,Neurology,24,23,10,3,25.4,1,1.24,0.17,866.3
DOC_101,Neurology,16,15,11,3,27.8,0,1.2,0.11,594.4
DOC_106,General Medicine,22,21,12,2,18.6,0,1.25,0.17,443.6
DOC_111,Dermatology,19,18,11,3,8.5,1,1.08,0.17,203.4
DOC_104,General Medicine,15,14,9,0,13.4,1,1.38,0.05,396.3
DOC_101,General Medicine,1,0,10,2,14.2,0,0.97,0.09,0.6
DOC_107,Orthopedics,14,13,11,4,15.6,3,0.89,0.08,273.2
DOC_102,Dermatology,11,10,14,2,14.3,2,0.99,0.08,185.9
DOC_109,Cardiology,10,9,9,1,15.7,0,1.42,0.07,241.3
DOC_107,Neurology,13,12,11,3,27.1,0,1.37,0.09,526.6
DOC_102,General Medicine,23,22,9,0,16.9,0,1.43,0.19,698.6
DOC_111,General Medicine,8,7,8,5,19.2,0,0.96,0.06,122.7
DOC_105,Cardiology,18,17,10,5,22.1,2,1.04,0.2,508.9
DOC_107,Orthopedics,24,23,15,0,11.5,0,1.13,0.17,344.5
DOC_112,Dermatology,14,13,14,5,12.7,0,1.46,0.15,239.8
DOC_109,Orthopedics,21,20,11,4,20.0,0,1.08,0.12,508.8
DOC_109,Neurology,20,19,11,4,24.4,1,1.33,0.17,747.1
DOC_114,Cardiology,11,10,14,5,21.9,0,1.23,0.09,282.1
DOC_114,Pediatrics,22,21,10,1,16.3,0,1.07,0.06,441.1
DOC_111,General Medicine,22,21,15,1,17.3,0,1.12,0.08,429.5
DOC_106,General Medicine,6,5,9,0,17.2,0,1.16,0.19,130.4
DOC_107,Cardiology,3,2,10,0,21.2,0,0.83,0.11,49.7
DOC_112,Pediatrics,2,1,9,2,15.3,1,1.26,0.12,56.1
DOC_107,Neurology,10,9,12,5,26.0,1,1.42,0.16,351.1
DOC_106,Cardiology,4,3,8,3,20.3,1,1.33,0.1,109.5
DOC_111,General Medicine,4,3,11,0,9.1,0,1.47,0.07,52.5
DOC_109,Orthopedics,16,15,9,0,15.1,0,1.11,0.17,335.7
DOC_107,Pediatrics,20,19,14,5,16.4,0,0.8,0.1,258.0
DOC_100,Orthopedics,3,2,8,1,22.5,1,1.29,0.19,80.2
DOC_112,General Medicine,24,23,11,4,17.8,0,1.45,0.1,706.9
DOC_109,General Medicine,14,13,11,2,12.2,3,1.38,0.16,323.0
DOC_103,Neurology,17,16,10,2,25.2,0,1.13,0.09,547.6
DOC_102,Pediatrics,19,18,16,4,15.2,1,1.39,0.16,374.8
DOC_111,Dermatology,11,10,14,5,16.4,0,1.4,0.12,240.6
DOC_113,Pediatrics,12,11,16,4,16.8,1,1.27,0.18,236.0
DOC_114,Dermatology,24,23,9,3,13.0,0,1.42,0.11,500.2
DOC_112,Pediatrics,3,2,9,5,13.8,0,1.33,0.08,42.1
DOC_114,Orthopedics,3,2,15,2,15.9,0,0.99,0.19,37.3
DOC_101,Orthopedics,21,20,11,0,11.0,2,1.38,0.12,459.4
DOC_102,Cardiology,5,4,17,3,18.0,0,1.18,0.13,74.8
DOC_104,General Medicine,15,14,15,1,11.8,0,0.88,0.1,152.7
DOC_102,Pediatrics,6,5,10,2,14.8,1,1.37,0.18,147.5
DOC_105,General Medicine,6,5,10,3,16.7,0,1.5,0.12,152.0
DOC_101,Pediatrics,15,14,9,4,8.0,0,0.83,0.06,112.0
DOC_107,Neurology,8,7,9,4,24.1,0,0.84,0.11,170.0
DOC_107,Dermatology,16,15,10,4,16.4,0,0.92,0.1,272.9
DOC_107,Cardiology,22,21,14,4,23.2,1,1.35,0.15,706.4
DOC_100,Dermatology,3,2,10,0,11.7,2,0.93,0.06,67.6
DOC_105,Dermatology,16,15,14,2,11.3,0,1.41,0.07,255.2
DOC_114,Cardiology,21,20,8,2,20.1,0,1.11,0.07,431.0
DOC_111,Pediatrics,8,7,11,4,12.8,1,1.33,0.15,159.6
DOC_102,Pediatrics,6,5,14,0,15.8,0,1.37,0.1,133.1
DOC_102,Dermatology,18,17,12,1,8.3,0,1.28,0.1,169.5
DOC_108,Neurology,12,11,15,2,22.2,0,1.31,0.17,327.0
DOC_106,Dermatology,22,21,17,3,10.0,0,0.87,0.16,166.0
DOC_103,Cardiology,9,8,9,4,19.0,0,1.0,0.15,178.7
DOC_102,Dermatology,9,8,16,0,11.2,1,0.99,0.15,107.8
DOC_105,General Medicine,11,10,10,4,8.0,0,0.86,0.19,75.1
DOC_105,General Medicine,20,19,16,1,16.9,0,0.91,0.11,280.1
DOC_104,Neurology,16,15,11,2,27.1,0,0.83,0.16,391.7
DOC_109,Dermatology,2,1,15,2,10.8,0,1.37,0.14,14.3
DOC_110,Dermatology,24,23,11,4,12.2,2,0.86,0.15,307.3
DOC_106,Orthopedics,2,1,9,2,20.5,0,0.97,0.06,31.5
DOC_101,Pediatrics,4,3,10,1,15.1,1,1.13,0.08,89.5
DOC_111,Dermatology,5,4,9,4,10.6,0,0.98,0.1,47.2
DOC_105,Dermatology,21,20,10,2,11.2,0,1.1,0.11,289.1
DOC_114,Orthopedics,19,18,9,4,15.9,0,1.13,0.17,372.2
DOC_110,Cardiology,14,13,10,2,23.5,2,0.99,0.09,428.0
DOC_109,Orthopedics,3,2,16,4,18.5,0,0.89,0.05,30.0
DOC_104,Dermatology,13,12,9,2,12.6,0,1.03,0.18,179.8
DOC_107,Cardiology,20,19,11,2,22.7,3,1.38,0.14,831.9
DOC_114,Orthopedics,6,5,16,1,16.5,0,0.81,0.08,64.7
DOC_103,General Medicine,22,21,9,4,15.0,0,1.29,0.06,486.4
DOC_105,Orthopedics,20,19,15,5,15.4,0,1.26,0.07,387.5
DOC_100,Dermatology,3,2,10,2,12.6,0,1.23,0.12,40.4
DOC_103,Orthopedics,6,5,9,0,19.7,0,0.86,0.14,111.6
DOC_107,Dermatology,21,20,10,3,10.5,1,1.04,0.17,260.8
DOC_110,Dermatology,7,6,10,0,14.3,0,1.12,0.17,129.4
DOC_105,Cardiology,3,2,11,4,17.8,0,1.11,0.07,49.2
DOC_111,Dermatology,6,5,8,2,10.5,0,1.26,0.12,62.8
DOC_109,Pediatrics,8,7,9,2,15.7,2,1.48,0.09,259.9
DOC_101,Cardiology,4,3,15,0,25.0,0,0.98,0.14,90.8
DOC_100,Dermatology,3,2,8,4,13.0,0,1.01,0.17,25.8
DOC_113,Dermatology,22,21,11,4,18.6,3,0.88,0.07,485.6
DOC_107,Orthopedics,4,3,12,0,19.7,0,1.49,0.07,100.3
DOC_108,General Medicine,15,14,15,2,15.0,1,1.1,0.2,243.9
DOC_112,Neurology,1,0,15,5,24.1,0,1.47,0.1,0.0
DOC_110,Orthopedics,24,23,8,0,16.0,3,0.9,0.11,415.0
DOC_104,Dermatology,19,18,15,5,13.3,0,1.43,0.09,358.3
DOC_107,Dermatology,21,20,11,5,8.9,0,0.9,0.08,195.5
DOC_102,Cardiology,22,21,10,0,18.7,0,0.99,0.19,506.6
DOC_110,Dermatology,23,22,14,3,13.9,0,1.42,0.16,443.7
DOC_112,Pediatrics,14,13,9,4,11.4,0,0.99,0.13,171.6
DOC_102,Cardiology,18,17,10,1,24.2,0,1.25,0.06,626.5
DOC_110,Pediatrics,12,11,14,4,12.8,0,0.97,0.1,137.7
DOC_106,Orthopedics,12,11,14,3,16.1,0,1.03,0.13,186.7
DOC_113,Neurology,5,4,10,0,20.9,0,1.45,0.08,171.2
DOC_114,General Medicine,21,20,14,3,19.2,2,1.06,0.08,479.6
DOC_114,Dermatology,7,6,11,3,9.0,1,0.88,0.08,75.5
DOC_105,Neurology,6,5,14,5,26.2,0,1.02,0.16,136.0
DOC_103,Pediatrics,8,7,8,5,21.4,0,1.07,0.17,147.5
DOC_111,Pediatrics,7,6,14,5,15.1,1,1.31,0.08,144.6
DOC_104,Neurology,13,12,11,2,24.1,2,1.08,0.13,440.1
DOC_110,Cardiology,17,16,9,1,26.8,2,1.04,0.2,584.7
DOC_111,Orthopedics,6,5,9,5,16.8,0,1.4,0.16,137.0
DOC_100,Neurology,14,13,9,2,24.2,3,0.84,0.09,405.0
DOC_106,Orthopedics,13,12,15,0,21.1,0,0.8,0.13,243.6
DOC_110,Pediatrics,22,21,15,0,13.9,0,1.07,0.1,381.0
DOC_108,General Medicine,1,0,8,1,14.9,2,1.37,0.06,48.7
DOC_102,Dermatology,10,9,10,4,11.0,2,1.36,0.2,194.6
DOC_113,Orthopedics,7,6,15,2,18.1,0,1.45,0.13,156.6
DOC_111,Neurology,23,22,14,1,19.8,0,1.03,0.15,455.3
DOC_103,Dermatology,24,23,8,1,13.5,0,0.89,0.17,250.5
DOC_105,Dermatology,19,18,15,4,9.8,0,1.1,0.1,199.6
DOC_100,Neurology,21,20,8,0,26.6,1,1.22,0.17,730.2
DOC_104,Dermatology,21,20,14,1,11.4,0,0.93,0.06,230.7
DOC_114,Orthopedics,8,7,16,2,18.9,0,1.07,0.18,131.6
DOC_107,Cardiology,20,19,11,0,17.4,0,0.93,0.09,422.4
DOC_109,Orthopedics,15,14,9,1,17.2,0,1.31,0.11,376.9
DOC_102,General Medicine,5,4,9,3,15.0,1,1.1,0.11,99.7
DOC_113,Neurology,12,11,16,0,25.7,0,1.43,0.15,429.5
DOC_112,Neurology,15,14,8,0,27.6,1,1.17,0.09,541.1
DOC_108,General Medicine,1,0,14,1,17.7,0,1.46,0.19,0.3
DOC_112,General Medicine,21,20,8,2,16.1,0,0.97,0.14,295.8
DOC_110,Neurology,20,19,8,5,22.9,0,0.9,0.16,354.0
DOC_107,Pediatrics,17,16,9,5,17.2,0,0.93,0.17,290.4
DOC_102,Dermatology,2,1,17,1,9.4,0,0.95,0.14,6.6
DOC_106,Neurology,8,7,14,1,21.5,0,0.87,0.09,135.5
DOC_105,Pediatrics,14,13,12,3,22.8,0,1.33,0.17,362.1
DOC_113,Dermatology,1,0,8,2,16.5,2,0.95,0.17,35.9
DOC_105,General Medicine,1,0,17,5,20.7,0,1.18,0.13,0.0
DOC_109,General Medicine,19,18,10,3,12.5,0,1.32,0.14,344.8
DOC_112,Orthopedics,23,22,14,4,17.9,0,1.45,0.12,596.4
DOC_111,Pediatrics,6,5,14,2,17.1,0,1.11,0.15,93.9
DOC_108,Dermatology,19,18,9,3,13.9,0,0.91,0.09,271.4
DOC_105,General Medicine,2,1,15,1,13.6,0,1.4,0.15,28.5
DOC_110,General Medicine,15,14,10,5,13.9,0,1.18,0.12,265.3
DOC_102,Dermatology,22,21,12,2,15.4,0,1.27,0.09,395.9
DOC_110,Dermatology,5,4,12,0,8.0,0,0.96,0.19,28.0
DOC_106,Cardiology,12,11,12,2,22.3,0,1.19,0.17,268.5
DOC_112,Cardiology,8,7,14,4,19.6,0,0.85,0.18,117.2
DOC_111,Cardiology,5,4,17,1,17.9,0,1.14,0.09,77.3
DOC_110,General Medicine,21,20,9,3,15.0,0,1.46,0.12,513.4
DOC_103,Neurology,20,19,14,1,23.8,0,0.96,0.19,439.7
DOC_112,General Medicine,17,16,9,4,16.1,3,1.47,0.05,567.5
DOC_104,General Medicine,7,6,14,2,15.6,0,1.44,0.14,137.9
DOC_114,General Medicine,4,3,12,0,13.2,0,1.09,0.07,47.7
DOC_106,Pediatrics,16,15,10,1,13.2,0,1.47,0.12,343.0
DOC_111,Neurology,14,13,15,1,29.8,2,1.17,0.16,547.0
DOC_113,Dermatology,11,10,14,1,10.1,0,1.02,0.09,106.4
DOC_111,Dermatology,16,15,10,1,13.0,0,1.22,0.1,282.9
DOC_110,Neurology,14,13,9,3,22.2,3,1.33,0.11,576.0
DOC_110,Orthopedics,21,20,14,4,12.3,0,1.39,0.07,364.7
DOC_113,Neurology,1,0,9,2,26.0,0,1.01,0.16,4.1
DOC_107,General Medicine,9,8,12,2,16.9,0,0.99,0.11,126.0
DOC_101,Cardiology,14,13,8,0,22.9,0,1.46,0.13,471.4
DOC_103,General Medicine,15,14,11,2,20.5,1,0.93,0.14,338.4
DOC_112,Orthopedics,9,8,10,0,18.9,0,1.01,0.07,209.4
DOC_108,Dermatology,17,16,14,5,13.4,1,1.29,0.09,316.2
DOC_105,General Medicine,4,3,8,5,14.0,0,1.38,0.09,61.6
DOC_105,Neurology,15,14,12,0,26.9,0,1.3,0.2,508.7
DOC_109,General Medicine,10,9,9,2,17.6,2,1.12,0.13,270.9
DOC_103,General Medicine,5,4,11,2,19.5,0,1.47,0.06,137.6
DOC_107,General Medicine,3,2,9,0,19.0,0,1.43,0.12,72.7
DOC_112,Orthopedics,6,5,16,3,17.7,0,1.09,0.08,91.2
DOC_111,Pediatrics,17,16,9,1,19.4,2,0.82,0.2,334.0
DOC_106,Dermatology,24,23,11,5,12.6,3,1.5,0.18,577.7
DOC_111,General Medicine,9,8,14,5,15.4,0,1.12,0.07,148.2
DOC_114,Cardiology,3,2,9,3,19.4,0,1.28,0.13,57.8
DOC_106,Dermatology,4,3,14,3,11.6,0,0.93,0.2,30.5
DOC_105,Orthopedics,24,23,10,4,16.4,0,1.03,0.09,458.9
DOC_103,Neurology,8,7,14,0,23.9,0,1.36,0.19,259.1
DOC_113,Neurology,7,6,14,4,21.8,0,1.21,0.1,163.8
DOC_100,Neurology,7,6,10,0,27.4,0,1.38,0.19,298.4
DOC_112,Orthopedics,14,13,10,4,23.0,0,1.49,0.2,499.6
DOC_109,Neurology,7,6,8,0,24.7,0,1.41,0.1,229.8
DOC_114,General Medicine,8,7,11,5,14.6,0,1.15,0.17,133.6
DOC_100,Pediatrics,3,2,12,5,13.3,2,1.09,0.07,70.7
DOC_107,Dermatology,5,4,8,3,9.2,1,0.93,0.16,38.9
DOC_101,Dermatology,5,4,10,1,13.4,0,1.4,0.16,85.5
DOC_101,Dermatology,1,0,8,3,8.6,1,1.02,0.06,4.7
DOC_111,Orthopedics,11,10,11,1,21.6,1,1.21,0.09,346.3
DOC_105,Neurology,12,11,16,1,28.2,0,1.09,0.12,318.3
DOC_106,Cardiology,8,7,17,3,20.2,0,0.86,0.15,112.8
DOC_111,Orthopedics,13,12,9,0,13.5,1,0.99,0.07,245.9
DOC_102,Orthopedics,14,13,11,4,11.6,0,0.86,0.18,147.9
DOC_105,General Medicine,3,2,15,4,24.6,1,1.4,0.17,109.8
DOC_100,Neurology,3,2,16,4,24.2,2,1.22,0.07,118.7
DOC_111,Pediatrics,5,4,14,4,17.7,0,1.45,0.13,104.4
DOC_101,Dermatology,7,6,14,2,10.8,0,0.99,0.11,61.4
DOC_106,Pediatrics,5,4,12,0,8.8,3,1.41,0.06,100.6
DOC_109,Pediatrics,4,3,15,0,18.0,1,1.08,0.11,103.4
DOC_108,General Medicine,9,8,11,0,13.8,0,0.83,0.09,122.7
DOC_110,Orthopedics,18,17,17,3,15.5,0,1.0,0.2,235.9
DOC_112,Dermatology,18,17,17,0,8.0,0,1.08,0.09,161.6
DOC_109,Neurology,7,6,9,2,26.1,0,1.07,0.1,195.2
DOC_100,Pediatrics,7,6,10,1,15.5,0,0.99,0.2,104.0
DOC_114,Pediatrics,4,3,12,0,18.5,0,1.27,0.18,77.8
DOC_105,Dermatology,20,19,14,4,9.0,0,1.33,0.17,231.1
DOC_110,Dermatology,16,15,11,2,10.1,0,0.91,0.11,158.8
DOC_109,Dermatology,19,18,9,1,18.1,0,1.23,0.11,467.2
DOC_111,Pediatrics,7,6,15,4,12.9,0,0.83,0.12,67.8
DOC_105,Neurology,7,6,9,4,29.8,0,0.98,0.07,206.3
DOC_101,Orthopedics,4,3,15,3,17.0,0,1.27,0.09,69.5
DOC_109,Pediatrics,24,23,8,2,11.4,1,1.16,0.06,307.9
DOC_110,Dermatology,21,20,14,2,8.6,0,0.85,0.1,148.4
DOC_112,Cardiology,16,15,11,3,25.0,0,1.29,0.2,542.5
DOC_114,Cardiology,4,3,9,2,19.3,0,0.85,0.05,62.9
DOC_114,Neurology,2,1,15,4,22.9,1,1.36,0.17,72.6
DOC_107,Neurology,15,14,10,4,27.6,0,1.28,0.15,569.7
DOC_106,Neurology,11,10,10,1,17.3,0,1.08,0.08,225.0
DOC_101,Neurology,23,22,10,5,25.2,2,0.88,0.18,622.1
DOC_107,Pediatrics,15,14,10,1,13.7,0,1.17,0.15,256.7
DOC_107,Orthopedics,23,22,14,3,19.4,1,1.21,0.09,572.1
DOC_113,Neurology,5,4,11,5,26.8,0,0.8,0.06,100.0
DOC_101,Dermatology,17,16,11,5,14.1,0,1.12,0.11,293.5
DOC_114,Orthopedics,12,11,8,5,17.5,0,1.2,0.1,221.3
DOC_106,Dermatology,14,13,11,3,8.0,0,1.23,0.13,152.5
DOC_111,Pediatrics,13,12,10,4,15.8,1,1.44,0.08,360.3
DOC_101,General Medicine,22,21,9,3,12.3,2,0.92,0.09,310.2
DOC_107,Dermatology,9,8,10,4,14.0,0,1.1,0.12,147.7
DOC_100,General Medicine,13,12,10,3,13.0,0,1.42,0.15,254.4
DOC_106,Pediatrics,1,0,10,5,16.1,0,1.49,0.11,0.4
DOC_111,Dermatology,21,20,10,1,18.5,3,1.43,0.09,746.8
DOC_101,Neurology,2,1,10,1,19.9,0,1.49,0.16,33.9
DOC_101,Pediatrics,10,9,11,0,16.2,0,0.99,0.05,193.9
DOC_100,Neurology,20,19,15,2,19.9,0,0.88,0.13,348.5
DOC_108,Neurology,3,2,14,4,25.4,0,1.4,0.1,72.2
DOC_111,Cardiology,9,8,11,1,20.1,0,0.81,0.14,157.3
DOC_103,General Medicine,13,12,10,1,15.6,0,0.89,0.18,187.9
DOC_101,Neurology,1,0,10,3,29.1,1,1.28,0.11,48.6
DOC_113,Orthopedics,3,2,9,3,13.3,1,1.46,0.08,75.2
DOC_107,Orthopedics,7,6,15,2,15.7,0,1.13,0.17,101.6
DOC_103,General Medicine,14,13,8,5,10.7,1,1.21,0.06,185.2
DOC_110,Orthopedics,11,10,11,3,20.6,1,1.31,0.19,341.8
DOC_106,Neurology,5,4,8,2,22.5,0,1.29,0.06,117.4
DOC_108,Neurology,24,23,9,2,23.5,0,1.46,0.16,905.5
DOC_114,Orthopedics,22,21,11,5,18.0,3,1.32,0.14,678.1
DOC_106,Orthopedics,12,11,14,3,16.1,0,1.15,0.09,215.0
DOC_102,Neurology,7,6,8,1,21.5,0,1.04,0.08,129.0
DOC_107,Neurology,19,18,9,2,22.2,0,1.39,0.1,659.8
DOC_112,Orthopedics,1,0,10,2,16.8,1,0.84,0.14,18.9
DOC_103,Dermatology,5,4,14,0,13.2,0,0.99,0.17,59.7
DOC_111,Neurology,6,5,9,1,23.0,0,1.49,0.1,204.6
DOC_102,Dermatology,4,3,11,3,16.5,0,1.11,0.16,59.9
DOC_108,General Medicine,17,16,14,4,18.9,0,1.15,0.13,359.2
DOC_109,Neurology,5,4,9,3,25.6,0,1.03,0.17,119.3
DOC_106,General Medicine,16,15,15,4,16.5,0,1.11,0.18,276.3
DOC_111,Pediatrics,9,8,14,3,13.7,1,0.97,0.19,125.8
DOC_100,General Medicine,23,22,8,0,14.1,1,0.83,0.1,297.4
DOC_111,Neurology,22,21,11,0,23.7,0,1.24,0.16,818.0
DOC_100,Pediatrics,3,2,10,0,11.8,1,1.0,0.08,57.7
DOC_100,Orthopedics,18,17,10,1,18.4,0,0.88,0.12,324.6
DOC_108,Pediatrics,7,6,11,5,14.1,1,1.07,0.06,130.7
DOC_101,Dermatology,22,21,8,0,8.0,1,1.3,0.09,255.2
DOC_100,Pediatrics,9,8,11,3,11.8,0,1.32,0.17,139.4
DOC_110,Orthopedics,3,2,9,3,19.7,1,0.94,0.16,73.1
DOC_101,Dermatology,5,4,14,4,11.6,0,1.22,0.11,61.6
DOC_101,Neurology,5,4,12,1,30.8,0,1.09,0.17,121.8
DOC_110,Cardiology,21,20,14,5,20.2,0,1.17,0.08,505.9
DOC_112,Pediatrics,10,9,16,3,20.6,0,1.24,0.14,213.8
DOC_114,Pediatrics,13,12,8,5,16.7,0,1.02,0.09,195.7
DOC_105,Dermatology,18,17,17,2,13.4,1,1.15,0.16,262.3
DOC_113,Dermatology,3,2,14,2,8.0,0,1.09,0.19,20.5
DOC_107,Neurology,15,14,8,3,24.3,2,1.38,0.08,530.9
DOC_104,Pediatrics,22,21,9,4,17.7,3,1.22,0.18,608.9
DOC_107,Cardiology,3,2,12,1,21.3,2,0.96,0.12,88.8
DOC_101,General Medicine,12,11,9,2,16.9,0,1.29,0.16,271.3
DOC_107,Neurology,15,14,10,4,25.5,0,1.12,0.17,458.7
DOC_110,General Medicine,7,6,11,1,14.0,0,1.02,0.08,99.2
DOC_101,Neurology,13,12,11,1,26.9,0,1.17,0.07,456.5
DOC_104,General Medicine,15,14,12,2,15.7,1,1.34,0.09,311.5
DOC_110,Orthopedics,19,18,11,2,18.2,0,1.18,0.16,447.8
DOC_114,Orthopedics,11,10,9,3,18.3,0,1.1,0.11,241.4
DOC_106,Orthopedics,20,19,17,3,16.9,0,1.44,0.06,454.0
DOC_106,Dermatology,22,21,15,0,8.0,3,1.32,0.1,311.2
DOC_106,Pediatrics,11,10,15,4,12.7,2,1.07,0.07,181.9
DOC_109,Neurology,21,20,9,4,22.2,0,1.37,0.11,724.5
DOC_108,Dermatology,4,3,15,0,15.4,0,1.4,0.13,75.0
DOC_104,Neurology,9,8,16,5,25.2,1,1.21,0.1,267.0
DOC_102,Pediatrics,7,6,15,4,14.6,3,1.35,0.09,198.4
DOC_104,Orthopedics,15,14,11,4,20.8,2,1.25,0.08,510.0
DOC_112,Orthopedics,21,20,15,4,16.5,1,1.16,0.19,399.9
DOC_106,Cardiology,24,23,10,5,21.5,0,1.39,0.09,817.7
DOC_108,Dermatology,21,20,11,1,12.3,0,1.44,0.16,405.8
DOC_101,General Medicine,3,2,10,5,8.0,1,1.29,0.07,40.0
DOC_110,Neurology,6,5,11,4,25.1,0,0.89,0.16,137.1
DOC_113,Cardiology,23,22,14,1,16.0,0,1.36,0.1,502.1
DOC_112,Orthopedics,9,8,9,1,18.2,2,0.9,0.16,196.0
DOC_114,Pediatrics,18,17,8,5,12.3,0,1.05,0.09,208.8
DOC_113,General Medicine,6,5,10,3,18.9,3,1.01,0.1,195.1
DOC_110,Dermatology,14,13,9,5,13.1,0,1.06,0.07,215.9
DOC_100,Dermatology,18,17,10,4,11.1,0,1.4,0.1,318.7
DOC_114,Neurology,4,3,9,1,19.7,0,0.96,0.19,66.2
DOC_111,Orthopedics,14,13,15,3,20.0,0,1.34,0.12,358.8
DOC_104,Pediatrics,20,19,15,0,13.1,1,1.09,0.08,352.3
DOC_111,Neurology,24,23,14,5,25.1,0,1.12,0.11,680.8
DOC_101,Dermatology,12,11,11,2,12.8,0,1.16,0.06,197.9
DOC_101,Dermatology,3,2,11,1,8.1,0,1.07,0.1,24.8
DOC_102,Dermatology,8,7,10,2,8.0,1,0.95,0.09,74.7
DOC_113,Neurology,17,16,15,3,25.8,0,0.98,0.19,404.1
DOC_108,Pediatrics,5,4,10,5,14.3,0,0.89,0.1,65.6
DOC_104,General Medicine,5,4,9,0,16.5,1,1.45,0.09,169.9
DOC_103,Pediatrics,11,10,11,1,17.6,1,1.02,0.17,237.4
DOC_111,Dermatology,22,21,10,3,11.2,1,1.35,0.08,399.6
DOC_105,Dermatology,7,6,10,4,13.9,0,1.43,0.15,140.2
DOC_108,Dermatology,13,12,9,0,16.7,0,1.16,0.12,309.9
DOC_111,Pediatrics,2,1,9,0,16.1,3,1.23,0.08,127.4
DOC_113,Cardiology,24,23,15,5,22.0,0,0.89,0.09,475.0
DOC_101,Dermatology,6,5,10,3,10.9,0,1.3,0.18,75.8
DOC_107,General Medicine,8,7,11,1,8.3,1,0.83,0.05,70.3
DOC_114,Neurology,18,17,16,1,22.6,0,1.34,0.11,496.1
DOC_103,Cardiology,19,18,15,4,24.3,0,1.04,0.1,476.1
DOC_103,Dermatology,3,2,11,4,9.6,0,1.35,0.15,31.7
DOC_108,Dermatology,22,21,10,2,9.5,0,1.06,0.18,246.3
DOC_104,Cardiology,20,19,9,0,23.4,0,0.93,0.11,562.1
DOC_104,Neurology,17,16,10,1,26.5,0,1.08,0.16,525.3
DOC_104,Orthopedics,5,4,10,1,14.7,2,1.39,0.19,150.0
DOC_111,Cardiology,23,22,14,3,14.6,1,1.22,0.15,423.9
DOC_109,General Medicine,3,2,14,4,17.6,0,1.48,0.1,56.1
DOC_112,Dermatology,22,21,9,1,11.2,1,0.86,0.06,256.8
DOC_114,Neurology,16,15,12,4,25.5,1,1.35,0.12,531.1
DOC_104,Neurology,9,8,9,0,26.6,0,0.89,0.07,260.2
DOC_108,Orthopedics,1,0,11,4,19.3,0,0.85,0.11,0.1
DOC_100,Dermatology,4,3,8,0,14.3,0,1.08,0.06,50.0
DOC_108,Pediatrics,11,10,12,2,21.1,0,1.02,0.17,195.7
DOC_103,Dermatology,6,5,17,3,13.2,0,1.06,0.09,66.3
DOC_105,Neurology,7,6,10,1,25.1,0,1.22,0.07,222.1
DOC_112,Orthopedics,13,12,9,5,17.8,0,1.47,0.1,371.2
DOC_105,Orthopedics,10,9,12,4,21.8,0,1.47,0.08,275.5
DOC_102,Neurology,2,1,11,1,26.1,0,1.47,0.13,46.7
DOC_103,Orthopedics,20,19,10,3,12.1,0,0.98,0.08,268.2
DOC_113,General Medicine,15,14,15,5,19.3,3,1.02,0.08,367.6
DOC_109,Cardiology,19,18,11,0,22.9,1,1.15,0.07,700.9
DOC_105,Cardiology,20,19,10,2,22.2,0,1.49,0.17,717.4
DOC_110,Dermatology,20,19,17,4,12.7,3,1.06,0.12,283.9
DOC_112,Dermatology,19,18,11,2,14.4,0,1.41,0.06,446.9
DOC_103,General Medicine,16,15,12,5,10.4,2,1.06,0.15,181.7
DOC_110,General Medicine,15,14,10,4,18.0,0,1.15,0.12,340.7
DOC_101,Cardiology,4,3,8,5,19.4,0,0.9,0.15,53.1
DOC_109,Dermatology,16,15,10,3,11.1,0,1.41,0.13,267.8
DOC_114,Pediatrics,19,18,9,1,17.0,0,1.49,0.16,518.7
DOC_114,Cardiology,21,20,10,1,14.9,0,0.83,0.18,277.9
DOC_108,Dermatology,1,0,16,3,12.5,0,0.83,0.2,0.0
DOC_112,Pediatrics,8,7,15,1,15.9,0,1.33,0.19,139.1
DOC_108,Pediatrics,15,14,9,1,15.1,0,1.22,0.05,318.1
DOC_110,General Medicine,13,12,9,0,14.4,0,1.1,0.18,250.1
DOC_100,Dermatology,4,3,9,2,13.1,0,1.38,0.15,62.3
DOC_111,Dermatology,13,12,11,4,12.3,0,1.3,0.18,217.6
DOC_109,Neurology,7,6,12,2,26.9,1,1.49,0.16,271.4
DOC_111,Pediatrics,8,7,10,5,22.3,0,0.96,0.19,169.2
DOC_113,Dermatology,1,0,8,5,8.9,0,1.24,0.14,0.0
DOC_101,Orthopedics,17,16,8,4,17.2,2,1.2,0.2,341.9
DOC_105,Orthopedics,2,1,17,5,10.8,3,1.14,0.18,55.0
DOC_109,Cardiology,2,1,12,0,16.3,0,0.87,0.09,18.4
DOC_104,Dermatology,1,0,16,1,11.8,2,1.12,0.17,31.7
DOC_105,Dermatology,8,7,15,1,9.5,1,1.09,0.06,96.7
DOC_106,Dermatology,5,4,11,5,14.3,0,1.17,0.13,83.2
DOC_112,General Medicine,11,10,11,3,15.9,0,1.3,0.17,235.3
DOC_103,Pediatrics,18,17,10,1,18.2,1,0.91,0.12,348.9
DOC_102,Cardiology,6,5,17,5,23.0,0,0.96,0.18,98.0
DOC_112,Orthopedics,9,8,12,4,21.1,1,0.95,0.05,177.9
DOC_108,Dermatology,7,6,14,0,9.7,0,1.49,0.2,99.9
DOC_111,Neurology,7,6,15,0,23.2,0,1.18,0.08,204.3
DOC_106,Pediatrics,11,10,11,2,15.6,0,0.98,0.06,189.0
DOC_112,General Medicine,16,15,10,2,12.7,0,0.89,0.09,208.0
DOC_107,General Medicine,21,20,9,4,14.8,3,0.97,0.14,395.4
DOC_109,General Medicine,10,9,15,4,15.4,3,1.41,0.12,286.7
DOC_104,General Medicine,5,4,8,2,11.9,2,0.81,0.17,59.5
DOC_102,Dermatology,21,20,8,1,10.2,0,0.85,0.07,172.7
DOC_110,Dermatology,5,4,15,0,8.3,0,0.81,0.2,30.9
DOC_103,General Medicine,21,20,10,5,13.3,0,1.16,0.17,350.0
DOC_102,Dermatology,22,21,9,3,10.7,1,1.46,0.05,425.6
DOC_100,Orthopedics,15,14,17,3,22.0,1,0.88,0.18,272.4
DOC_109,Dermatology,9,8,14,2,12.1,0,1.03,0.14,97.1
DOC_106,Dermatology,4,3,12,1,8.8,1,1.5,0.06,56.1
DOC_109,Dermatology,15,14,11,4,12.5,0,1.12,0.08,234.2
DOC_101,Pediatrics,2,1,9,3,16.9,0,1.45,0.1,29.5
DOC_101,General Medicine,20,19,15,2,16.0,1,0.98,0.19,318.7
DOC_110,Dermatology,24,23,17,2,11.4,0,1.37,0.08,346.4
DOC_114,Cardiology,19,18,12,4,22.4,0,1.4,0.14,528.2
DOC_112,Orthopedics,23,22,14,2,18.8,0,1.09,0.14,459.3
DOC_112,Dermatology,9,8,9,5,11.4,2,1.41,0.1,200.9
DOC_107,Dermatology,9,8,12,0,13.3,0,0.89,0.07,108.1
DOC_108,Pediatrics,23,22,14,3,12.4,1,0.94,0.15,275.2
DOC_110,Pediatrics,21,20,14,0,12.5,0,1.05,0.12,306.5
DOC_106,General Medicine,4,3,8,4,13.7,0,1.16,0.07,44.6
DOC_108,Orthopedics,6,5,17,5,19.6,2,1.14,0.14,152.9
DOC_102,General Medicine,11,10,11,3,11.5,0,1.15,0.08,158.8
DOC_105,Orthopedics,1,0,11,5,23.3,0,0.95,0.08,3.7
DOC_101,Orthopedics,19,18,10,1,20.3,1,1.08,0.06,515.4
DOC_100,Neurology,9,8,9,2,24.8,0,1.03,0.11,242.1
DOC_102,General Medicine,24,23,14,2,19.1,0,0.87,0.17,384.7
DOC_109,Neurology,14,13,15,1,24.0,0,1.36,0.16,429.8
DOC_109,Neurology,9,8,16,2,26.5,0,1.05,0.19,199.2
DOC_103,General Medicine,9,8,14,4,16.5,0,0.96,0.08,133.9
DOC_112,General Medicine,14,13,9,1,21.4,0,1.17,0.08,390.6
DOC_104,Neurology,21,20,15,5,31.5,1,1.5,0.18,1010.3
DOC_106,Pediatrics,13,12,14,3,16.8,0,0.9,0.08,188.1
DOC_109,Pediatrics,20,19,10,1,15.1,1,1.27,0.2,437.0
DOC_109,Cardiology,14,13,8,1,18.3,2,1.12,0.15,288.0
DOC_107,Neurology,20,19,11,4,25.7,1,1.0,0.14,603.4
DOC_102,General Medicine,5,4,8,4,12.4,2,1.17,0.19,85.7
DOC_102,Pediatrics,8,7,9,2,15.7,0,1.0,0.2,129.8
DOC_102,Pediatrics,14,13,10,2,15.6,0,1.31,0.16,305.9
DOC_103,Neurology,17,16,8,1,29.3,0,1.34,0.09,600.7
DOC_113,General Medicine,4,3,15,5,8.8,1,1.22,0.19,50.4
DOC_110,Orthopedics,16,15,9,5,16.2,1,1.16,0.12,361.6
DOC_113,Orthopedics,13,12,11,2,17.1,0,0.89,0.16,213.3
DOC_113,Orthopedics,18,17,16,4,18.1,0,1.34,0.14,378.1
DOC_104,Pediatrics,18,17,10,3,19.1,0,1.25,0.19,456.3
DOC_101,Orthopedics,10,9,11,3,12.0,0,0.94,0.06,123.4
DOC_114,Cardiology,9,8,16,5,18.4,0,1.35,0.16,183.3
DOC_111,Neurology,19,18,15,1,27.6,0,1.43,0.1,746.2
DOC_107,General Medicine,4,3,12,2,13.4,0,1.33,0.08,53.9
DOC_102,Dermatology,21,20,8,0,12.5,0,1.34,0.06,375.5
DOC_105,Dermatology,6,5,8,1,8.0,0,0.91,0.08,35.7
DOC_110,Dermatology,5,4,8,3,9.5,3,1.21,0.08,88.4
DOC_111,Cardiology,22,21,11,0,21.4,0,1.06,0.17,629.3
DOC_105,Pediatrics,15,14,9,1,16.1,0,1.1,0.07,298.3
DOC_102,Neurology,7,6,12,4,29.3,1,0.92,0.05,194.2
DOC_113,Pediatrics,24,23,8,0,13.1,0,1.49,0.19,475.5
DOC_107,Dermatology,18,17,12,5,15.2,0,1.22,0.06,305.3
DOC_109,Neurology,18,17,10,5,31.0,3,1.48,0.17,1092.4
DOC_101,Pediatrics,5,4,8,1,12.0,2,1.32,0.11,101.1
DOC_108,General Medicine,15,14,10,3,11.9,0,0.81,0.12,162.2
DOC_107,Orthopedics,20,19,10,0,19.3,0,1.38,0.18,660.7
DOC_114,Pediatrics,24,23,12,0,17.8,0,0.81,0.07,371.2
DOC_103,Neurology,24,23,9,5,20.7,0,0.91,0.14,505.5
DOC_104,Orthopedics,20,19,12,0,14.7,0,1.42,0.15,412.6
DOC_107,Pediatrics,23,22,9,1,18.2,0,1.19,0.09,566.5
DOC_101,Cardiology,17,16,11,1,21.2,0,1.3,0.19,497.6
DOC_100,Cardiology,4,3,11,4,19.8,1,1.37,0.15,130.2
DOC_108,Cardiology,7,6,12,4,18.5,0,1.01,0.19,97.8
DOC_105,Dermatology,15,14,9,4,9.5,0,1.43,0.1,220.7
DOC_112,Neurology,4,3,14,4,24.3,0,1.14,0.12,88.4
DOC_102,Dermatology,9,8,8,5,10.7,3,1.42,0.08,168.8
DOC_104,General Medicine,8,7,10,4,23.3,0,1.49,0.09,294.6
DOC_107,Dermatology,22,21,15,4,10.9,0,1.23,0.06,295.1
DOC_103,General Medicine,20,19,9,5,11.7,0,1.08,0.13,289.4
DOC_105,Cardiology,20,19,11,0,17.2,0,1.33,0.08,599.3
DOC_101,Cardiology,23,22,16,1,17.7,1,0.83,0.15,312.1
DOC_111,Pediatrics,22,21,10,0,14.6,1,1.11,0.05,494.8
DOC_112,General Medicine,1,0,8,4,15.1,0,0.96,0.16,1.2
DOC_103,Cardiology,23,22,14,5,20.2,1,0.88,0.17,419.2
DOC_113,Cardiology,21,20,8,1,16.2,0,1.24,0.09,383.3
DOC_104,General Medicine,16,15,12,4,18.0,0,1.02,0.07,265.4
DOC_114,Pediatrics,20,19,10,3,14.6,0,1.22,0.2,380.6
DOC_103,Pediatrics,23,22,11,2,13.4,0,1.26,0.16,426.5
DOC_103,Dermatology,2,1,10,5,8.5,1,1.48,0.15,28.8
DOC_103,Dermatology,21,20,15,3,10.5,1,1.35,0.17,305.4
DOC_114,General Medicine,21,20,11,5,12.1,0,1.0,0.18,272.2
DOC_107,Cardiology,20,19,9,5,19.3,0,1.26,0.14,540.0
DOC_113,Cardiology,14,13,10,4,20.1,0,1.13,0.08,357.1
DOC_109,General Medicine,3,2,11,5,17.0,0,1.47,0.11,60.9
DOC_106,Dermatology,15,14,16,3,14.5,0,0.83,0.1,162.6
DOC_108,Orthopedics,21,20,16,1,14.1,3,1.4,0.15,432.2
DOC_104,General Medicine,7,6,10,2,10.6,0,1.02,0.09,78.3
DOC_110,Dermatology,5,4,9,2,13.2,0,1.29,0.12,84.7
DOC_111,Pediatrics,5,4,15,4,15.3,2,0.87,0.19,87.3
DOC_100,Orthopedics,23,22,11,0,17.5,0,0.92,0.1,484.1
DOC_112,Orthopedics,9,8,9,4,20.5,0,1.07,0.1,208.2
DOC_101,Dermatology,16,15,8,3,14.8,0,1.06,0.19,208.8
DOC_107,Cardiology,8,7,11,0,21.0,0,1.24,0.08,255.2
DOC_104,Cardiology,20,19,9,4,26.0,2,1.12,0.17,718.6
DOC_108,Pediatrics,23,22,9,2,11.7,3,1.25,0.18,431.8
DOC_113,Cardiology,7,6,11,5,19.2,0,1.0,0.19,129.2
DOC_100,General Medicine,3,2,12,2,17.1,0,1.04,0.09,28.0
DOC_105,Dermatology,12,11,11,2,15.3,1,0.8,0.12,178.8
DOC_103,Orthopedics,19,18,15,3,16.6,0,1.15,0.1,367.0
DOC_102,General Medicine,21,20,11,1,20.7,0,1.16,0.19,540.4
DOC_108,Cardiology,7,6,10,5,24.2,0,1.17,0.17,194.1
DOC_108,Dermatology,5,4,11,0,12.4,2,1.3,0.13,137.8
DOC_114,Cardiology,19,18,14,1,18.0,0,1.34,0.17,436.4
DOC_111,Orthopedics,7,6,11,1,16.1,0,1.11,0.14,127.1
DOC_104,General Medicine,15,14,9,3,14.8,0,1.44,0.12,353.9
DOC_106,General Medicine,19,18,10,5,15.7,0,1.46,0.16,472.2
DOC_112,Dermatology,15,14,15,0,9.8,2,0.81,0.11,155.2
DOC_100,Neurology,1,0,10,0,22.0,0,1.13,0.19,0.0
DOC_106,Pediatrics,10,9,11,4,13.3,1,1.36,0.09,214.9
DOC_105,General Medicine,11,10,8,0,12.6,1,1.43,0.14,208.7
DOC_104,General Medicine,8,7,10,1,17.3,2,1.44,0.12,281.9
DOC_105,Dermatology,8,7,8,0,13.0,0,0.82,0.13,84.7
DOC_108,Dermatology,3,2,10,1,11.2,0,1.09,0.11,24.2
DOC_102,Pediatrics,23,22,8,2,12.0,1,1.09,0.07,290.4
DOC_106,Orthopedics,2,1,11,5,22.9,0,1.23,0.15,35.1
DOC_112,General Medicine,24,23,10,3,18.0,0,1.0,0.06,493.7
DOC_106,Neurology,21,20,11,4,21.6,0,1.0,0.12,509.1
DOC_112,General Medicine,19,18,9,0,19.2,0,1.29,0.12,602.8
DOC_104,Cardiology,15,14,10,0,23.3,1,1.41,0.11,676.9
DOC_112,Pediatrics,24,23,9,1,14.1,0,1.26,0.07,497.8
DOC_111,Cardiology,3,2,8,4,23.2,0,1.33,0.06,59.3
DOC_112,Orthopedics,5,4,10,4,19.8,0,1.32,0.18,118.7
DOC_108,Cardiology,15,14,14,4,22.5,1,1.06,0.13,370.6
DOC_107,Orthopedics,24,23,15,0,16.1,1,0.99,0.17,449.3
DOC_109,Pediatrics,14,13,15,4,15.6,0,1.37,0.18,279.6
DOC_100,Orthopedics,13,12,9,4,12.7,0,0.83,0.09,148.4
DOC_100,Neurology,6,5,8,5,26.3,1,1.19,0.15,180.8
DOC_100,Dermatology,11,10,15,1,8.2,2,1.45,0.14,155.9
DOC_113,Cardiology,3,2,10,0,24.0,0,1.38,0.18,79.4
DOC_113,Dermatology,13,12,10,3,14.1,0,1.44,0.15,283.3
DOC_102,Orthopedics,18,17,9,5,20.5,1,1.14,0.16,494.0
DOC_103,Neurology,1,0,17,0,28.0,0,1.33,0.08,0.0
DOC_112,General Medicine,22,21,12,2,10.5,0,0.85,0.09,172.0
DOC_102,Pediatrics,5,4,12,3,13.0,1,1.38,0.05,91.4
DOC_108,General Medicine,6,5,9,3,19.3,0,1.27,0.06,147.0
DOC_107,General Medicine,22,21,8,2,12.4,0,1.0,0.16,231.6
DOC_108,General Medicine,7,6,10,1,17.3,0,1.22,0.13,142.9
DOC_108,Pediatrics,24,23,11,0,16.5,1,1.18,0.06,653.8
DOC_104,General Medicine,11,10,14,3,13.3,0,1.41,0.18,186.3
DOC_114,Dermatology,23,22,9,5,8.2,0,0.97,0.19,197.1
DOC_100,Neurology,22,21,11,2,25.0,0,1.09,0.18,650.2
DOC_109,Pediatrics,6,5,10,0,15.2,0,0.96,0.1,100.5
DOC_113,General Medicine,20,19,16,0,17.2,0,1.42,0.14,503.4
DOC_101,Orthopedics,13,12,10,2,20.7,2,1.25,0.06,457.7
DOC_113,General Medicine,6,5,16,2,15.4,0,1.02,0.1,72.7
DOC_113,Dermatology,10,9,14,4,14.1,0,1.32,0.19,165.5
DOC_107,Neurology,16,15,9,2,26.6,0,1.09,0.11,510.6
DOC_102,Neurology,11,10,16,0,29.6,0,0.9,0.09,289.5
DOC_102,Dermatology,3,2,10,4,12.6,0,1.47,0.15,44.7
DOC_106,Cardiology,10,9,10,2,19.8,0,0.84,0.12,180.1
DOC_104,Neurology,14,13,14,2,27.9,2,1.33,0.15,588.8
DOC_111,Pediatrics,5,4,15,4,17.0,0,0.88,0.16,61.8
DOC_106,Cardiology,5,4,12,0,21.5,0,1.5,0.16,135.3
DOC_109,Pediatrics,16,15,10,1,14.8,1,0.96,0.17,268.6
DOC_101,Orthopedics,23,22,8,4,17.1,0,1.26,0.16,434.2
DOC_104,Neurology,18,17,12,3,23.0,0,1.5,0.2,529.8
DOC_105,Orthopedics,7,6,10,0,17.0,0,1.37,0.15,193.7
DOC_103,General Medicine,21,20,10,1,14.0,1,1.15,0.17,396.2
DOC_109,Orthopedics,20,19,10,4,18.1,2,1.31,0.05,616.7
DOC_100,General Medicine,4,3,10,2,22.2,3,1.18,0.15,202.8
DOC_104,Dermatology,3,2,14,2,8.5,0,1.21,0.17,16.3
DOC_103,Dermatology,14,13,10,2,13.0,0,0.96,0.2,187.7
DOC_109,Dermatology,15,14,10,0,12.0,2,1.37,0.16,359.4
DOC_112,Dermatology,5,4,8,3,8.0,0,1.15,0.05,34.3
DOC_107,Dermatology,18,17,14,4,13.1,0,1.08,0.18,235.0
DOC_114,Neurology,4,3,10,4,27.8,0,0.87,0.18,77.5
DOC_114,Orthopedics,12,11,12,2,14.3,0,1.26,0.12,187.6
DOC_103,Orthopedics,16,15,8,1,22.4,0,1.12,0.13,349.8
DOC_112,General Medicine,5,4,16,0,17.0,0,1.16,0.18,78.6
DOC_102,Orthopedics,21,20,9,3,15.9,0,1.32,0.15,484.1
DOC_103,Neurology,3,2,14,2,26.5,3,1.35,0.09,212.1
DOC_105,General Medicine,12,11,9,5,14.2,0,1.34,0.18,229.2
DOC_107,Orthopedics,7,6,15,2,16.3,1,1.28,0.13,157.7
